"date","url","query","news_title","news_content"
"2020.03.12","https://news.naver.com/main/read.nhn?mode=LSD&mid=sec&sid1=102&oid=014&aid=0004389034","현대자동차","울산시, 주52시간제 한시적 유예 정부에 건의...자동차 부품업계 증산 시급","
	
	



() {}
코로나19 전 세계 확산 및 장기화에 대비 시장여건에 대응, 노동유연성 확보 필요 코로나19 극복을 위한 울산지역 중소기업 간담회가 12일 울산시청에서 열렸다. 울산시는 현대차 부품납품업체 등 협력업체들의 경영난이 심각하다고 판단하고 증산을 통한 위기 탈출을 위해 주52제 한시적 유예를 정부에 건의키로 했다. /사진=울사시 제공      【파이낸셜뉴스 울산=최수상 기자】 울산시가 코로나19로 위기에 처한 자동차부품 협력업체 등 중소기업의 경영난 해소를 위해 주52시간제의 한시적 유예가 필요하다며 12일 전국 시·도협의회에 이같은 내용의 대정부 건의안을 발의했다.현재 울산의 주력산업인 자동차 산업은 코로나19 로 인한 연이은 조업중단과 휴업 등으로 2월 생산량의 53%만에 그쳤다. 인기 차종의 경우 4개월가량의 대기 수요가 발생했다.이로 인해 많은 부품협력사들이 조업 차질로 경영 위기에 직면해 있는 실정이다.   울산시는 증산으로 매출을 늘리지 않으면 350여 곳의 현대차 울산공장 협력업체들이 심각한 타격을 받을 수밖에 없다고 배경을 설명했다.  현대자동차도 부품협력사의 경영애로가 심각하다고 판단해 350여 협력사 대상으로 1조원의 경영자금을 지원하고 있다.시 관계자는 “코로나19 위기로 침체에 빠진 지역산업을 빠르게 회복시키기 위해서는 52시간 한시적 유예를 통해 생산량과 공장 가동률을 올리는 것이 중요하다""고 말했다.   특히 ""코로나19의 전 세계 확산으로 생산 일정도 매우 불규칙할 것으로 예상되기 때문에 제조업 생산물량 등 시장여건 변화에 대응하기 위한 노동유연성 확보가 필요한 시점이다""고 덧붙였다.이번 대정부 건의서는 시·도지사협의회 의결을 거쳐 17개 시도지사의 공동 명의로 정부에 전달되며, 중앙 정부의 검토를 거쳐 시행된다. 하지만 노동계 반발 등을 고려할 때 시행 시기는 장담할 수 없는 상황이다.울산시는 현대자동차 및 현대자동차 노조에 자동차 협력업체들의 숨통을 터줄 수 있도록 생산량과 공장 가동률을 높이는 데 노사가 적극 협조해 줄 것을 요청할 계획이다 .송철호 시장은 “코로나 19 여파에 따른 경제위기 앞에 노･사･ 민･정이 하나가 되어 슬기롭게 대처한다면 반드시 위기를 극복하고 정상화 할 수 있을 것이다“라고 말했다 .   ulsan@fnnews.com 최수상 기자  ▶ 헉! 소리나는 스!토리 뉴스 [헉스]▶ 클릭해, 뉴스 들어간다 [뉴스쿨]  ※ 저작권자 ⓒ 파이낸셜뉴스. 무단 전재-재배포 금지
	
	"
"2020.03.12","https://news.naver.com/main/read.nhn?mode=LSD&mid=sec&sid1=102&oid=421&aid=0004518156","현대자동차","현대차 노조, '코로나19'로 중단된 대의원 선거 16일 재개","
	
	



() {}
신종 코로나바이러스 감염증(코로나19) 울산 13번째 확진자가 현대자동차 직원으로 확인된 28일 울산시 북구 현대차 명촌정문에서 한 직원이 출근하고 있다. 이날 현대차 직원 1명이 코로나19 확진 판정을 받아 울산2공장 가동이 중단됐다. 2020.2.28/뉴스1 © News1 윤일지 기자(울산=뉴스1) 김기열 기자 = 현대자동차 노조가 울산 2공장 신종 코로나바이러스 감염증(코로나19) 확진자 발생으로 잠정 중단한 14대 대표·대의원 선거를 재개한다. 현대차 노조는 오는 16일부터 울산 2공장 확진자 발생 이후 중단된 대표·대의원 선거일정을 재개한다고 12일 밝혔다.노조는 앞서 선거운동 이틀 째인 지난달 28일 울산 2공장 도장부에 근무하는 직원 A씨(53·남성)가 코로나19 확진자로 판명된 이후 조합원들이 격리 조치되는 상황에서 더 이상 선거를 진행한는 것이 무리라고 보고 잠정 중단을 결정했다.중단 당시 사업부 대표 선거는 9명 선출에 31명이 입후보해 3.4대 1의 경쟁률을, 400여명을 뽑는 대의원은 1.7대 1의 경쟁률을 각각 보이고 있었다. 노조는 대신 코로나19  확산 위험성을 고려해 16일 하루만 선거운동을 하고 17일 곧바로 1차투표를 실시한다. 과반수 득표자가 나온 선거구는 당선이 확정되며 나머지 선거구는 1, 2위 득표자만 18일 하루 더 선거운동을 실시한 뒤 19일 2차투표를 진행한다. 노조는 2차 투표까지 집계를 마친 뒤 20일 최종 당선자를 확정해 공고할 예정이다. 노조는 또 이달 안에 선거에서 당선된 새 대표·대의원이 참여하는 임시대의원대회를 열고 올해 임단협 요구안과 예산 등의 주요 안건을 확정할 방침이다. 노조 관계자는 ""코로나19 사태가 현재의 '심각'에서 한 단계 낮아진 뒤 선거를 재개할 예정이었으나 상황이 예상보다 길어져 임단협 등 올해 사업 일정에 심각한 영향을 줄 가능성이 있다고 보고 선거 재개를 결정했다""고 밝혔다. 노조의 선거재개 결정에는 울산 2공장 확진자 이후 현재까지 추가 확진자가 나오지 않고 있는 데다 당시 2주 격리조치된 조합원들이 13일부터 정상 출근하는 점도 영향을 미친 것으로 보인다.kky060@news1.kr▶ 해피펫 ▶ 터닝 포인트 2020 구매!▶ 네이버 메인에서 [뉴스1] 구독하기!© 뉴스1코리아(news1.kr), 무단 전재 및 재배포 금지
	
	"
"2020.03.12","https://news.naver.com/main/read.nhn?mode=LSD&mid=sec&sid1=101&oid=018&aid=0004596298","현대자동차","현대차, 현대차증권으로부터 800억 규모 유가증권 매수","
	
	



() {}

	
	[이데일리 김종호 기자] 현대자동차(005380)는 특수관게인인 현대차증권으로부터 800억원 규모의 유가증권을 매수했다고 12일 공시했다. 만기일은 오는 6월 12일이며, 이자율은 시장금리로 책정했다.현대차는 거래에 대해 “안정적 자금운용 및 수익성 제고가 목적”이라고 설명했다.김종호 (kona@edaily.co.kr)네이버 홈에서 ‘이데일리’ 구독하기▶청춘뉘우스~ 스냅타임▶ | 이데일리 기자뉴스룸▶＜ⓒ종합 경제정보 미디어 이데일리 - 무단전재 & 재배포 금지＞
	
	"
"2020.03.12","https://news.naver.com/main/read.nhn?mode=LSD&mid=sec&sid1=102&oid=032&aid=0002997484","현대자동차","한국노총 “광주형 일자리 협약 파기”…첫 노사상생 일자리 사업 기로에","
	
	



() {}

	
	국내 첫 상생형 일자리인 ‘광주형 일자리’에 참여해 왔던 노동계가 ‘협약 파기’를 결정하고 이 사업에서 손을 떼기로 했다. 노동계가 빠지면 노사상생 정신을 바탕으로 광주시와 현대자동차 등이 광주에 설립하는 자동차공장은 의미를 잃는다. 한국노총 광주본부는 12일 “운영위원회에서 광주시 노사민정협의회가 결의한 ‘투자유치 협약서’를 파기하기로 결정했다”고 밝혔다. 운영위에서는 당초 17일 청와대와 국회 앞에서 개최할 예정이었던 ‘광주형 일자리 파기 선언식’을 코로나19 확산 상황을 고려해 3월31일이나 4월7일 중 하루를 택해 개최하기로 했다.한국노총이 참여한 광주시 노사민정협의회는 지난해 1월30일 투자유치 협약서를 체결했다. 이 협약서를 바탕으로 광주시는 현대차와 투자협약을 맺고 자동차공장 설립에 나섰다.사회대통합을 바탕으로 하고 있는 광주형 일자리는 일자리를 늘리고 기업의 경쟁력을 높일 수 있는 대안으로 주목받았다. 정부의 전폭적인 지지로 울산·군산·구미 등 다른 지역에서도 비슷한 일자리가 추진되고 있다.하지만 노동계가 ‘협약 파기’를 결정하면서 광주형 일자리가 적용된 첫 사업장인 (주)광주글로벌모터스 자동차공장은 사업 성패의 기로에 놓이게 됐다. 윤종해 한국노총 광주본부 의장은 “광주시와 현대차 등은 그동안 노동계의 요구를 하나도 수용하지 않았다”고 말했다. ■박차고 나온 한국노총 “노동자 요구 수용 ‘0’…깨끗이 접었다”노동이사제 등 제안…광주시·글로벌모터스 ‘불가’ 고수저임금 현대차 하청공장 전락 우려 속 “공장 건설 계속”지난해 12월26일 광주에 착공한 (주)글로벌모터스의 자동차 공장은 ‘적정 임금’ ‘적정 노동시간’ ‘노사 책임경영’ ‘원·하청 관계 개선’이라는 광주형(상생형) 일자리 4대 원칙이 적용된 국내 첫 사업장이다. 1대 주주인 광주시가 483억원(지분율 21%)을, 2대 주주인 현대자동차가 437억원(19%)을 각각 투자했다. 2021년 하반기부터 연간 7만대의 1000㏄ 미만 소형 스포츠유틸리티차량(SUV)을 생산할 예정이다. 노사상생을 통해 일자리를 늘리고 기업의 경쟁력도 높일 수 있을 것으로 평가받던 이 공장에 대한 기대는 우려로 바뀌고 있다. 광주형 일자리에 관여해 왔던 한 관계자는 12일 “굉장히 걱정스러운 상황”이라고 했다. 한국노총 광주본부가 ‘협약 파기’를 결정하면서 노동계가 빠지면 이 공장은 ‘저임금 현대차 하청공장’으로 전락할 우려가 크고 지속성도 담보하기 어렵다는 것이다. 노동계와 합의한 ‘주 44시간 노동, 평균 임금 3500만원’의 노동 조건은 국내 완성차 공장 노동자 임금의 절반 수준이다. 그러나 노동계가 요구하고 있는 안은 받아들여지지 않고 있다. 한국노총은 지난해 9월 광주시와 글로벌모터스에 노동이사제 도입, 원·하청 관계 개선 시스템 구축, 임원 임금 노동자 2배 이내 책정, 현대차 추천이사 경질, 시민자문위원회 설치 등을 요구했다. 윤종해 한국노총 광주본부 의장은 “5개 안을 제시했지만 하나도 받아들여진 게 없다”면서 “2개 안에 대해서는 양보를 했는데도 노동계가 참여할 수 있는 방안을 제시하지 않고 있다”고 말했다. 광주시와 글로벌모터스는 노동이사제 도입 등에 대해 “현대차와 체결한 투자협약에 관련 내용이 없다”며 어렵다는 입장을 고수하고 있다. 원·하청 관계 개선 요구에는 “현대차가 글로벌모터스에 부품을 납품하기 때문에 하청업체가 없다”고 설명하고 있다고 한다. 윤 의장은 “현대차에 부품을 납품하는 지역 중소기업 노동자들의 임금을 인상할 수 있는 시스템을 만들자는 것인데 엉뚱한 소리만 한다”고 했다.  노동계는 지난해 12월 열린 자동차 공장 착공식에 불참했고, 올해 예정된 노·사·민·정협의회에도 참여하지 않고 있다. 광주시가 지난 4일 한국노총에 보낸 공문에도 발끈하고 있다. 시는 ‘상생형 지역 일자리 사업 성공을 위한 협조 요청’이라는 공문을 보내 노동계의 노·사·민·정협의회 참여를 요청했다. 시청 고위 공무원 직급인 ‘노동협력관’과 ‘사회연대일자리특보’를 추천해 달라는 요청도 포함돼 있다.이에 대해 한국노총은 지난 6일 광주시에 공문을 보내 “광주시 노동정책은 이미 실패로 판가름이 났다. 선심 쓰듯 (노동협력관 등의) 추천을 요청하는 태도는 이해하기 어렵다”면서 “시가 현대차의 이익 극대화를 위해 앞장서고 어떠한 변화된 태도도 보이지 않는 것을 보며 모든 참여를 깨끗하게 정리한 상태”라고 밝혔다.광주시 관계자는 “끝까지 노동계와 함께 갈 수 있도록 각 주체들이 노력하겠다”면서도 “공장 건설은 예정대로 진행될 것”이라고 했다.강현석 기자 kaja@kyunghyang.com▶ 장도리 | 그림마당 보기▶ 경향신문 바로가기▶ 경향신문 구독신청하기©경향신문(www.khan.co.kr), 무단전재 및 재배포 금지"
"2020.03.12","https://news.naver.com/main/read.nhn?mode=LSD&mid=sec&sid1=103&oid=092&aid=0002183271","현대자동차","현대기아차, 주총 예정대로 진행...“비대면 의결권 행사 권장”","
	
	



() {}
현대차 19일·기아차 24일 주총 열기로(지디넷코리아=조재환  기자)현대기아차가 코로나19 사태에도 주주총회를 예정대로 진행할 방침이다.두 회사의 주주총회는 서울 양재동 현대차그룹 본사 사옥에서 열리며 현대차는 19일, 기아차는 24일 주주총회를 진행한다.하지만 많은 사람들이 좁은 공간에서 밀집할 수 밖에 없는 주주총회 특성상, 현대기아차는 주주총회 직접 참석 대신 비대면 의결권 행사를 권장하고 있다.서울 양재동 현대자동차그룹 사옥 (사진=지디넷코리아)현대차는 11일 홈페이지에 직접 올린 주주총회 관련 공지사항을 통해 “제52기 정기주주총회 준비 중 방역 강화, 마스크 배포, 손소독제 배치 등 대책마련에 최선을 다하고 있다”고 밝혔다.현대차는 “(코로나19 사태 속에서) 주주분들간의 접촉을 피하는 것이 가장 효과적이기에 직접 참석 보다는 전자투표제도 및 위임장을 통한 비대면 의결권 행사를 권장한다”고 덧붙였다.현대기아차 주주총회는 사내 또는 사외이사 선임과 함께 현대기아차의 중요 미래 사업 내용을 공유하는 자리다. 지난해 열린 현대차 주주총회에서는 곧 출시될 제네시스 풀체인지 모델에 신규 플랫폼이 적용된다는 사실이 처음 알려지기도 했다.현대기아차는 올해 주주총회 전자 투표 제도를 처음으로 도입했다.조재환 기자(jaehwan.cho@zdnet.co.kr)▶ 지디넷코리아 '홈페이지'▶ 네이버 채널 구독하기[Copyrightⓒ메가뉴스 & ZDNet & CNET. 무단전재 및 재배포 금지]"
"2020.03.12","https://news.naver.com/main/read.nhn?mode=LSD&mid=sec&sid1=103&oid=629&aid=0000018652","현대자동차","신형 '아반떼·쏘렌토·G80', '코로나 보릿고개' 넘는다","
	
	



() {}
현대차는 다음 달 출시를 앞둔 준중형 세단 '아반떼'의 7세대 모델 '올 뉴 아반떼'의 실내외 티저를 11일 최초로 공개했다. /현대차 제공'세단부터 SUV까지' 현대기아차, 신차효과로 내수 반등 노린다[더팩트 | 서재근 기자] 현대자동차그룹(현대차그룹)이 신차효과를 앞세워 내수 시장 반등에 나선다.현대자동차(현대차)와 기아자동차(기아차), 제네시스 등 각 완성차 브랜드를 대표하는 베스트셀링 모델의 디자인과 상품성을 대폭 개선한 신차 출시를 통해 신종 코로나바이러스 감염증(코로나19) 사태로 위축된 소비심리의 불씨를 되살려 내수 판매를 끌어올리겠다는 전략이다.12일 현대차그룹에 따르면 현대차와 제네시스는 이르면 다음 달 각각 준중형 세단 신형 '아반떼'와 대형 세단 'G80'을 출시한다.먼저 현대차의 경우 준중형 세단 아반떼의 7세대 모델 '올 뉴 아반떼'가 다음 달 출시를 앞두고 있다. 전날(11일) 현대차는 올 뉴 아반떼의 실내외 티저를 자사 홈페이지를 통해 25초 분량의 영상으로 최초 공개했다.이번 새 모델은 지난 2015년 6세대 출시 이후 5년 만에 출시하는 것으로 미래지향적인 디자인과 동급 최초 10.25인치 풀 디지털 클러스터와 10.25인치 AVN(오디오·비디오·내비게이션)이 연결된 파노라마 디스플레이 등 첨단 편의사양 등을 갖췄다.현대차는 오는 18일 오전 11시 미국 로스앤젤레스 할리우드에서 월드 프리미어로 '올 뉴 아반떼'를 공개하고, 자사 홈페이지와 유튜브 채널 등을 통해 공개 모든 과정을 생중계한다는 계획이다.제네시스는 지난 5일 7세대 신형 'G80'의 실내외 디자인을 최초 공개했다. /제네시스 제공제네시스는 앞서 지난 5일 신형 G80의 실내외 디자인을 공개했다. G80은 지난 2015년 제네시스가 독립 브랜드로 출범하기 전부터 '제네시스'라는 네이밍으로 지난 2008년 1세대, 2013년 2세대 모델을 거쳐 7년 만에 3세대 모델로 새롭게 탄생했다.신형 G80 역시 14.5인치 파노라마 디스플레이를 비롯해 앞서 출시된 'GV80'에 적용된 회전 조작 방식의 원형 전자식 변속기(SBW)와 터치 및 필기 방식의 통합 컨트롤러 등 차급을 한 단계 뛰어넘는 첨단 기술이 집약됐다. 제네시스는 이번 3세대 G80 출시로 브랜드 론칭 5년 만에 스포츠유틸리티차량(SUV)부터 플래그십 세단에 이르기까지 디자인 정체성을 담은 페밀리룩을 구축하게 된다.기아차는 중형 SUV 신형 '쏘렌토'를 출시하며 내수 시장 반등에 나섰다. 4세대 쏘렌토의 경우 국내 중형 SUV 최초로 가솔린 터보 하이브리드 엔진을 탑재한 친환경 모델 라인업을 선보이며 지난달 20일 사전계약 당일에만 사상 최대인 1만8941대가 판매 대수를 기록하며 새 역사를 썼다.쏘렌토 하이브리드 모델의 경우 친환경차(1000~1600cc 미만 엔진 기준) 관련 세제 혜택을 받기 위한 기준 연비(ℓ당 15.8㎞)를 충족하지 못하면서 사전계약이 취소되는 호된 '신고식'을 치렀지만, 지난 6일 기아차가 기존 하이브리드 사전계약 고객에게 '환경친화적 자동차'(친환경차)에 적용되는 세제(개별소비세, 교육세, 취득세) 혜택에 해당하는 금액을 모두 부담하는 내용의 보상안을 내놓으면서 리스크를 해소했다.기아차가 최근 출시한 4세대 '쏘렌토'는 지난달 20일 사전계약 당일에만 사상 최대인 1만8941대가 판매 대수를 기록하며 국내 완성차 업계에 새로운 역사를 썼다. /기아차 제공'코로나 사태'로 지난달 내수 판매량이 전년 동기 대비 두 자릿수 이상 줄어든 현대차(3만9290대, 26.4%↓)와 기아차(2만8681대, 13.7%↓)로서는 이번 새 모델의 흥행이 그 어느 때보다 중요할 수밖에 없다. 특히, 신형 쏘렌토를 비롯해 데뷔를 앞둔 올 뉴 아반떼와 신형 G80 모두 각 브랜드를 대표하는 볼륨 모델이라는 점에서 의미가 크다.아반떼의 경우 지난 1990년 1세대 모델 출시 이후 전 세계 누적 약 1380만 대 이상 팔린 대표 베스트셀링 모델이다.쏘렌토는 '카니발'과 더불어 기아차의 내수 판매 실적을 견인하는 주력 모델이다. 실제로 쏘렌토는 지난해 국내 시장에서 모두 5만2325대가 팔리며 기아차 레저용 차량(RV) 부문에서 카니발(6만3706대)에 이어 두 번째로 많이 판매됐다. G80 역시 같은 기간 제네시스에서 가장 많은 2만2284대가 팔렸다.한 완성차 업계 관계자는 ""신차의 흥행은 제조사의 실적에 매우 중요한 요소다. 신형 아반떼와 쏘렌토, G80과 같이 각 브랜드를 대표하는 모델의 경우 더욱 영향력이 클 수밖에 없다""라며 ""'코로나 사태'로 전례 없는 위기 상황에 직면한 상황이지만, 전통적으로 구매층을 확보한 베스트셀링 모델이 기대치 이상의 판매량을 기록한다면 실적 반등도 충분히 기대할 수 있을 것""이라고 말했다.likehyo85@tf.co.kr- 더팩트 뮤직어워즈는 언제? [알림받기▶]  - 내 아이돌 응원하기 [팬앤스타▶]  저작권자 ⓒ 특종에 강한 더팩트 & tf.co.kr 무단 전재 및 재배포 금지
	
	"
"2020.03.12","https://news.naver.com/main/read.nhn?mode=LSD&mid=sec&sid1=101&oid=016&aid=0001647579","현대자동차","車·항공업계도 콜센터 분리·재택근무 돌입","
	
	



() {}
현대기아차 고객센터 이원화 작업대한항공·아시아나·제주항공 등도방역 강화속 임시콜센터 운영나서세계보건기구(WHO)가 코로나19 팬더믹을 선언한 가운데 자동차와 항공업계도 콜센터를 분리, 이원화하는 등 확산 방지에 총력을 다하고 있다.12일 자동차업계에 따르면 현대자동차와 기아자동차는 최근 사후서비스(AS) 안내 등을 담당하는 고객센터를 분리하는 작업을 진행 중이다. 고객센터 한 곳의 직원 중 확진자가 나오더라도 센터 전체가 폐쇄돼 안내 업무가 마비되는 것을 막기 위해서다.현대차는 서울시 영등포구에 위치한 고객센터의 일부 인력을 이날부터 동작구에 위치한 남부서비스센터로 옮겨 동시에 운영한다. 기아자동차도 경기도 광명시 소하동에 있는 고객센터 중 일부를 13일부터 협력사 사무실로 이전해 동시에 운영할 예정이다.현대차그룹 관계자는 “각 센터 직원의 절반이 분리돼 이동하게 된다”며 “직원 간 간격이 넓어지면서 바이러스 전파 가능성이 줄어들 것으로 기대하고 있다”고 말했다.또한 양사 모두 업무중 마스크 착용을 반드시 하도록 하고 손 소독제를 비치해 수시로 사용토록 하고 있다.수시로 노선 운휴와 감편이 이뤄지고 있는 항공업계도 콜센터 관리에 비상이 걸렸다. 변경된 운항 정보를 묻는 고객이 폭증하고 있어 콜센터를 안정적으로 운영해야 하는 상황이다.약 300명이 근무하는 대한항공 콜센터는 별도의 건물을 사용하고 있어 외부인 출입 가능성은 적은 편이다. 그러나 직원 중 확진환자가 발생할 수 있어 통상적인 예약 및 변경 업무는 재택근무를 통해 처리할 수 있도록 시스템을 마련했다.대한항공 관계자는 “이미 일부 재택근무가 이뤄지고 있고 확진환자가 나올 경우 전체 인력이 재택근무에 돌입할 것을 검토하고 있다”고 전했다.아시아나항공의 코로나19 사태 이전부터 콜센터업무를 서울(168명)과 부산(87명)으로 이원화 했다. 아시아나항공 관계자는 “1개의 콜센터가 폐쇄될 경우 다른 콜센터에서 업무를 주관하되 본사에 임시 콜센터를 함께 운영한다”고 설명했다. 2개 콜센터가 동시에 폐쇄될 경우 본사와 한국지역본부에 임시 콜센터가 설치 된다.제주항공의 경우 제주에 한 곳, 서울에 두 곳의 고객센터에 100여명의 직원이 근무하고 있다. 최근에는 직원 간 좌석 간격을 보다 넓히는 작업을 진행했다. 만일의 경우 일부 직원이 재택근무가 가능하도록 시스템을 준비중이다.또한 최근 배송량이 폭증하고 있는 CJ대한통운은 CJ그룹 차원에서 서울과 부산에 500여명이 근무하는 콜센터를 운영중이다. CJ그룹 관계자는 “지난달 말부터 희망하는 직원은 재택근무를 하고 있고 각 부서별로 방역 담당자를 두고 하루 2차례 체온 측정, 3차례 소독을 실시하고 있다”고 전했다.원호연 기자▶헤럴드 ‘팩트체커’ 진실은 바로 이것▶코로나19 현황보기 ▶선별진료소 확인 - Copyrights ⓒ 헤럴드경제 & heraldbiz.com, 무단 전재 및 재배포 금지 -
	
	"
"2020.03.12","https://news.naver.com/main/read.nhn?mode=LSD&mid=sec&sid1=101&oid=016&aid=0001647370","현대자동차","자동차·항공 콜센터도 코로나19 확산 방지 총력…재택·분산근무 돌입","
	
	



() {}
현대기아차, 고객센터 이원화 작업항공업계, 임시콜센터 계획에 재택근무 준비도[헤럴드경제 원호연 기자]세계보건기구(WHO)가 코로나19 팬더믹을 선언한 가운데 자동차와 항공업계도 콜센터를 분리, 이원화하는 등 확산 방지에 총력을 다하고 있다.12일 자동차업계에 따르면 현대자동차와 기아자동차는 최근 사후서비스(AS) 안내 등을 담당하는 고객센터를 분리하는 작업을 진행 중이다. 고객센터 한 곳의 직원 중 확진자가 나오더라도 센터 전체가 폐쇄돼 안내 업무가 마비되는 것을 막기 위해서다.현대차는 서울시 영등포구에 위치한 고객센터의 일부 인력을 이날부터 동작구에 위치한 남부서비스센터로 옮겨 동시에 운영한다. 기아자동차도 경기도 광명시 소하동에 있는 고객센터 중 일부를 13일부터 협력사 사무실로 이전해 동시에 운영할 예정이다.현대차그룹 관계자는 ""각 센터 직원의 절반이 분리돼 이동하게 된다""며 ""직원 간 간격이 넓어지면서 바이러스 전파 가능성이 줄어들 것으로 기대하고 있다""고 말했다.또한 양사 모두 업무중 마스크 착용을 반드시 하도록 하고 손 소독제를 비치해 수시로 사용토록 하고 있다.수시로 노선 운휴와 감편이 이뤄지고 있는 항공업계도 콜센터 관리에 비상이 걸렸다. 변경된 운항 정보를 묻는 고객이 폭증하고 있어 콜센터를 안정적으로 운영해야 하는 상황이다.약 300명이 근무하는 대한항공 콜센터는 별도의 건물을 사용하고 있어 외부인 출입 가능성은 적은 편이다. 그러나 직원 중 확진환자가 발생할 수 있어 통상적인 예약 및 변경 업무는 재택근무를 통해 처리할 수 있도록 시스템을 마련했다. 대한항공 관계자는 ""이미 일부 재택근무가 이뤄지고 있고 확진환자가 나올 경우 전체 인력이 재택근무에 돌입할 것을 검토하고 있다""고 전했다.아시아나항공의 코로나19 사태 이전부터 콜센터업무를 서울(168명)과 부산(87명)으로 이원화 했다. 아시아나항공 관계자는 ""1개의 콜센터가 폐쇄될 경우 다른 콜센터에서 업무를 주관하되 본사에 임시 콜센터를 함께 운영한다""고 설명했다. 2개 콜센터가 동시에 폐쇄될 경우 본사와 한국지역본부에 임시 콜센터가 설치 된다.제주항공의 경우 제주에 한 곳, 서울에 두 곳의 고객센터에 100여명의 직원이 근무하고 있다. 최근에는 직원 간 좌석 간격을 보다 넓히는 작업을 진행했다. 만일의 경우 일부 직원이 재택근무가 가능하도록 시스템을 준비중이다.▶헤럴드 ‘팩트체커’ 진실은 바로 이것▶코로나19 현황보기 ▶선별진료소 확인 - Copyrights ⓒ 헤럴드경제 & heraldbiz.com, 무단 전재 및 재배포 금지 -
	
	"
"2020.03.12","https://news.naver.com/main/read.nhn?mode=LSD&mid=sec&sid1=101&oid=277&aid=0004641449","현대자동차","미국·유럽發 코로나19 '2차 쇼크'에 車·배터리 '초비상'","
	
	



() {}
완성차 10대 중 6대 수출되는 주요시장...배터리업계도 고심전문가 ""당장 어려워도 진정국면 접어든 이후 대비해야""지난달 11일 광주 광산구 평동산업단지 인근 기아차 광주출하사무소에서 차량이 출고를 기다리고 있는 모습(사진=연합뉴스)[아시아경제 김지희 기자] 국내 산업계가 2차 신종 코로나바이러스감염증(코로나19) 쇼크에 떨고 있다. 지난달 중국발(發) 코로나19 사태의 상처가 채 아물기도 전에 해외 주요국의 코로나19 확산세가 심상치 않아지면서다. 특히 최근 유럽이 최대 위험지역으로 떠오른 데 이어 미국에서도 확진자 수가 빠르게 늘면서 중국ㆍ미국ㆍ유럽연합(EU) 등 우리 기업의 주력 수출 무대인 세계 3대 시장이 코로나19의 사정권에 들게 됐다.'2차 코로나19 쇼크'의 우려가 높은 분야는 자동차다. 업계에서는 중국 내 코로나19가 유행한 지난번과 달리 생산에는 큰 영향이 없을 것으로 보면서도 수출이 입는 타격은 적지 않을 것이란 관측이 나온다.국내 완성차 업체 중에서 현대자동차와 기아자동차가 유럽 현지에서 공장을 가동 중이다. 현대차 체코 노소비체 공장과 기아차 슬로바키아 질리나 공장의 연간 생산량은 각각 33만대 수준으로 크지 않은 편이다. 유럽 내 코로나19 확산세가 가장 빠른 이탈리아에 자동차 부품업체가 많지만, 대부분 유럽 완성차 업체들에 공급되고 있어 국내 업체들의 의존도는 높지 않다.문제는 판매다. 한국자동차산업협회에 따르면 지난해 기준 국내 완성차 업체의 전체 수출에서 EU 지역이 차지하는 비중은 20%가 넘는다. 2019년 국내에서 EU 국가들에 수출한 차량은 총 51만7155대로, 전체 완성차 수출량의 21.5%에 달한다. 미국(88만4244대)까지 포함하면 한 해 국내에서 생산돼 해외로 나가는 자동차 10대 중 6대가 미국과 유럽으로 향한다. 이들 시장은 상위급 모델 판매 비중이 높아 수출금액을 기준으로는 중요도가 더 높다.특히 유럽 5대 자동차 국가 중 하나인 이탈리아는 유럽 수출량의 12%를 이끄는 시장이다. 지난해 수출 대수 기준으로는 독일(8만9148대), 영국(8만8253대)에 이어 3번째다. 이탈리아시장은 전국에 이동제한 명령이 내려진 이달부터 당장 피해가 현실화될 전망이다. 현지에서는 코로나19로 인한 이탈리아의 올해 신차 수요가 전년 대비 15% 넘게 줄어들 것이란 전망이 나왔다.유럽과 미국이 중국시장 부진을 만회하기 위한 대안으로 꼽혀왔다는 점도 부담이다. 현대기아차의 경우 이들 시장에서 2015년부터 제품 라인업 강화 노력 등을 통해 지난해를 기점으로 확실한 상승세를 탄 상황이었다. 코로나19의 영향권에 들지 않았던 지난달 미국에서는 판매량이 전년 대비 17.9% 늘었고, 유럽은 지난 1월 시장점유율이 7%대로 높아지기도 했다. 임은영 삼성증권 연구원은 “현대기아차는 그 동안 아중동 지역의 판매부진을 유럽 및 미국시장 판매로 상쇄해 왔다”며 “올 2분기에는 선진국의 코로나19 영향 확산에 신흥국 수요부진이 겹치면서 글로벌판매 부진이 예상된다""고 말했다.당장은 상황이 어렵더라도 향후 시장이 진정세로 접어든 이후를 대비해야 한다는 지적도 나온다. 김준규 한국자동차산업협회 통상산업조사실장은 ""코로나19 사태가 수개월 내 마무리되면 그간 미뤄둔 신차 수요가 한꺼번에 나타나는 때를 대비해야 한다""며 ""물량 확보는 물론 신차 개발에 대한 현재의 적극적 투자를 이어가야 이후 경쟁에서 밀리지 않을 수 있다""고 지적했다.세계보건기구(WHO)가 코로나19에 대해 세계적 대유행, 즉 팬데믹을 선언한 만큼 향후 그 여파가 자동차를 넘어 모든 산업계를 집어삼킬 가능성도 배제할 수 없다. 배터리 업계는 당장 미국과 유럽 등 현지 전기차 기업들과의 소통이 어려워졌다. 배터리 업계 한 관계자는 ""지금 우리는 어느 정도 이런 상황에 적응이 됐다면 미국이나 유럽 쪽에서 코로나19 사태가 급박하게 돌아가면서 이들이 패닉(공황) 상황인 것 같다""면서 ""사회 자체가 일시적 공황 상태로 보인다""고 전했다. SK이노베이션은 미국에 전기차 배터리 공장을 하나 더 신설하고, 현재 건설 중인 헝가리 2공장은 계획보다 확장하는 작업을 진행 중이다.전자 업계의 경우에도 중국이 진정 국면에 접어들며 생산 차질에 대한 우려는 덜었지만 세계 최대 소비시장의 문이 닫힐 수 있다는 불안감이 상당하다. 일단 반도체 수요는 비대면 접촉의 확대로 오히려 늘어날 수 있으나, 선진국의 소비 위축 등이 지속되면 반도체 산업도 부정적 영향을 받을 수밖에 없을 것으로 보인다. 특히 스마트폰의 단기적 수요 부진이 불가피하다는 평가다.김지희 기자 ways@asiae.co.kr▶ 소름 쫙! 2020년 내 대운 시기 확인하기▶ 네이버에서 아시아경제 뉴스를 받아보세요 ▶ 놀 준비 되었다면 드루와!  드링킷!<ⓒ경제를 보는 눈, 세계를 보는 창 아시아경제 무단전재 배포금지>
	
	"
"2020.03.12","https://news.naver.com/main/read.nhn?mode=LSD&mid=sec&sid1=101&oid=031&aid=0000529364","현대자동차","'타다금지법' 통과…현대차, 모빌리티 사업 탄력 받나","
	
	



() {}
현대차, 2025년 스마트 모빌리티 솔루션 기업 전환 목표[아이뉴스24 황금빛 기자] 일명 '타다금지법'으로 불리는 새로운 모빌리티 사업을 위한 가이드라인이 마련됐다. 기본적으로 택시총량제 하에서 모빌리티 사업을 전개해야 하는데, 현대자동차가 택시를 기반으로 모빌리티 서비스를 시도하고 있었던 만큼 현대차의 미래 모빌리티 사업에도 탄력이 붙을 것이란 전망이 나온다.12일 업계에 따르면 지난 6일 이른바 '타다금지법'으로도 불리는 여객자동차 운수사업법 일부개정법률안(여객운수법)이 국회 본회의에서 가결됐다. 해당 개정안은 IT기술 발달로 여객자동차 운수사업자와 소비자를 연결해주는 플랫폼사업이 활성화하면서, 기존 택시운송사업과 중복되는 서비스 제공으로 업계 갈등이 심화한데 따라 마련됐다. 즉 제도권 안에서 플랫폼 택시를 활성화하기 위한 근거법을 만든 것이다.이 법이 '타다금지법'으로 불리는 것은 그동안 이러한 근거법이 마련돼 있지 않아 타다가 지난 2018년 여객운수법 시행령 제 18조 '승차정원 11인승 이상 15인승 이하인 승합자동차를 임차하는 사람' 등은 운전자 알선이 허용된다는 내용을 근거로 영업을 해와서다.하지만 개정안은 11인승 이상 15인승 이하 승합차 임차의 경우 '관광목적으로 대여시간이 6시간 이상이거나 대여 또는 반납장소가 공항 또는 항만인 경우'로 제한하고 있다.이 때문에 타다가 현행과 같은 서비스를 중단하게 됐지만, 그동안 근거법이 없어 택시운송가맹사업에 따라 택시를 기반으로 모빌리티 서비스에 뛰어들었던 다른 업체들에게는 불확실성이 해소됐다는 평가가 지배적이다. 개정안이 택시총량제 하에서의 영업을 가능케 해서다.현대차 '셔클'. [사진=현대자동차]특히 택시를 기반으로 한 새로운 모빌리티 서비스 시범 운영을 하고 있는 현대차에 대한 기대감이 높아진다.현대차는 KST모빌리티와 현재 서울 은평뉴타운에서 커뮤니티형 모빌리티 서비스 '셔클'을 시범 운영하고 있다. 셔클은 경로가 유사한 승객을 함께 태워 승객들이 원하는 장소에서 태우고 내려주는 수요응답형 서비스다. 이용자가 반경 약 2km의 서비스 지역 내 어디서든 차량을 호출하면 대형승합차(쏠라티 11인승 개조차)가 실시간 생성되는 최적 경로를 따라 운행한다.현행 택시운송사업의 발전에 관한 법률상 택시 합승 서비스는 금지돼 있지만, 정부로부터 ICT 규제 샌드박스 실증특례를 받아 시범 운영 중이다.현대차는 앞서 지난해 7월 KST모빌리티에 50억 원 규모의 투자를 진행하기도 했다. 이 역시 당시 근거법은 없고 택시업계 반발도 우려돼 택시 제도권 안에서 상생 구조 아래 새로운 모빌리티 서비스를 시도하기 위한 목적이었다. KST모빌리티는 마카롱택시를 운영하는 스마트 모빌리티 서비스 기업이다.지난 2017년 카풀서비스 스타트업 '럭시'에 50억 원을 투자했다 택시업계 반발로 물러난 현대차에게는 돌파구였던 셈이다.이 외에도 현대차는 지난해부터 인천 영종국제도시에서 새로운 모빌리티 서비스 시범 운영을 한 바 있다. 기존 노선과 무관하게 승차 수요가 있는 정류장을 자율 운행하는 수용응답형 버스 서비스인 'I-MOD(Incheon-Mobility On Demand)'와 전동킥보드 기반 마이크로 모빌리티 서비스 'I-ZET(아이-제트)'를 실증 운영했는데, 지난 2월 국토교통부로부터 스마트 챌린지 본사업 지원 대상으로 최종 선정됐다.뿐만 아니라 현대차는 지난해 국내 모빌리티 스타트업 '코드42'에 투자하고, 전동킥보드와 전기자전거를 활용한 퍼스널 모빌리티 공유 플랫폼인 '제트'를 구축하고 중소업체들과 협력해 라스트마일 서비스를 제공하고 있기도 하다.현대차 'I-MOD'와 'I-ZET'. [사진=현대자동차]궁극적으로 현대차는 2025년 스마트 모빌리티 솔루션 기업으로의 전환을 목표로, 올해를 그 전략 실행의 출발점으로 삼고 가속페달을 밟을 예정이다.업계 관계자는 ""그동안 근거법이 없으니 이걸 할 수 있을까 없을까 모호해 투자하는 사람이나 사업을 시작하려는 사람이나 불안정한 상황이었다""면서 ""개정안으로 대략적인 토대가 만들어졌으니 여기에 근거해 시행령까지 더 구체적으로 논의되고 나오면 다양한 서비스 모델들을 만들 수 있을 것""이라고 말했다.이어 ""현대차의 경우 현재 규제 샌드박스로 셔클을 운영하고 있는데 이제 굳이 그럴 필요도 없게 됐다""면서 ""현재는 11인승 디젤차인 쏠라티가 쓰이는데 개정안 통과로 차종이나 이런 것에 대한 제한도 없어져 친환경차나 경차 등도 이용해 다양한 수요를 충족할 수 있을 것""이라고 덧붙였다.황금빛기자 gold@inews24.com▶네이버 채널에서 '아이뉴스24'를 구독해주세요.▶홍성택과 함께하는 희망찾기 등산·트레킹 교실 ▶아이뉴스24 바로가기[ⓒ 아이뉴스24 무단전재 및 재배포 금지]"
"2020.03.12","https://news.naver.com/main/read.nhn?mode=LSD&mid=sec&sid1=101&oid=016&aid=0001647541","현대자동차","제네시스, 美 IIHS 충돌 평가 ‘최고 안전한 차’","
	
	



() {}
G70·G80·G90 전 차종 선정현대자동차는 미국 고속도로 안전보험협회(Insurance Institute for Highway Safety, 이하 IIHS)가 6일(현지시간) 발표한 충돌 평가에서 가장 안전한 차량에 부여하는 ‘톱 세이프티 픽 플러스(Top Safety Pick+)’에 제네시스 G90이 선정됐다고 12일 밝혔다.현대차는 지난 2월 제네시스 G70와 G80이 톱 세이프티 픽 플러스 등급을 받은 것에 이어 G90까지 톱 세이프티 픽 플러스 등급을 받으며 세단 전 라인업이 모두 최고 안전한 차에 선정됐다. IIHS는 1959년 설립된 비영리단체로, 매년 출시된 수 백대의 차량의 충돌 안정 성능과 충돌 예방 성능을 종합적으로 평가해 결과를 발표한다. 평가차량 중 최고 안전성을 나타낸 차량에는 톱 세이프티 픽 플러스 등급을 매긴다.톱 세이프티 픽 플러스 등급을 받으려면 ▷운전석 스몰 오버랩 ▷조수석 스몰 오버랩 ▷전면 충돌 ▷측면 충돌 ▷지붕 강성 ▷머리지지대 등 6개 충돌 안전 항목 평가에서 모두 최고 등급인 우수(good) 평가를 받아야 한다. 또한 전방 충돌방지 시스템 테스트(차량과 차량·차량과 보행자)에서 상급(advanced) 이상 등급을, 전조등 평가에서 양호(acceptable) 이상 등급을 받아야 한다.현대차의 제네시스 플래그십 세단인 G90은 이 요건들을 모두 만족시켜 톱 세이프티 픽 플러스에 당당히 이름을 올렸다. 제네시스 G90의 모든 트림에 기본 장착한 ‘풀 LED 헤드램프’는 전조등 평가에서 가장 높은 등급인 ‘우수(good)’를 받았다.이정환 기자▶헤럴드 ‘팩트체커’ 진실은 바로 이것▶코로나19 현황보기 ▶선별진료소 확인 - Copyrights ⓒ 헤럴드경제 & heraldbiz.com, 무단 전재 및 재배포 금지 -
	
	"
"2020.03.12","https://news.naver.com/main/read.nhn?mode=LSD&mid=sec&sid1=101&oid=448&aid=0000293743","현대자동차","제네시스 G90, 美 IIHS '최고 안전한 차' 선정","
	
	



() {}
제네시스 G90 / 제네시스 제공현대자동차의 고급차 브랜드 제네시스는 대형 세단 'G90'이 '미국 고속도로 안전보험협회(IIHS)' 평가에서 가장 안전한 차 '톱 세이프티 픽 플러스'로 선정됐다고 12일 밝혔다. 1959년 설립된 비영리단체인 IIHS는 매해 출시된 차량의 충돌 안정 성능과 충돌 예방 성능을 종합 평가해 결과를 발표한다. 톱 세이프티 픽 플러스 등급을 받기 위해선 ▲운전석 스몰 오버랩 ▲조수석 스몰 오버랩 ▲전면 충돌 ▲측면 충돌 ▲지붕 강성 ▲머리지지대 등 6개 항목에서 모두 최고 등급을 받아야 한다. 또한 전방 충돌방지 시스템과 전조등 평가 성적도 반영된다. 지난 2월 G70와 G80에 이어 G90까지 톱 세이프티 픽 플러스 등급을 받으며 제네시스 세단 전 라인업이 모두 최고 안전한 차에 선정됐다. 제네시스 관계자는 ""다양한 상황에서 탑승자를 지키기 위해 전 모델에 전방 충돌방지 보조, 차로 이탈방지 보조, 고속도로 주행 보조 등 사양을 기본 장착했다""고 설명했다. / 정준영 기자정준영 기자(jun88@chosun.com)☞ 네이버 메인에서 TV조선 구독하기☞ 더 많은 TV조선 뉴스 보기* 뉴스제보 : 이메일(tvchosun@chosun.com), 카카오톡(tv조선제보), 전화(1661-0190)- Copyrights ⓒ TV조선. 무단전재 및 재배포 금지 -
	
	"
"2020.03.12","https://news.naver.com/main/read.nhn?mode=LSD&mid=sec&sid1=101&oid=016&aid=0001647310","현대자동차","美 IIHS 충돌 평가 최고 안전한 차에 '제네시스 G90' 선정","
	
	



() {}
G70·G80·G90 등 제네시스 세단 전 차종IIHS 충돌 평가서 최고 안전한 차 모두 선정[헤럴드경제 이정환 기자] 현대자동차는 미국 고속도로 안전보험협회(Insurance Institute for Highway Safety, 이하 IIHS)가 6일(현지시간) 발표한 충돌 평가에서 가장 안전한 차량에 부여하는 ‘톱 세이프티 픽 플러스(Top Safety Pick+)’에 제네시스 G90이 선정됐다고 12일 밝혔다.현대차는 지난 2월 제네시스 G70와 G80이 톱 세이프티 픽 플러스 등급을 받은 것에 이어 G90까지 톱 세이프티 픽 플러스 등급을 받으며 세단 전 라인업이 모두 최고 안전한 차에 선정됐다.IIHS는 1959년 설립된 비영리단체로, 매년 출시된 수 백대의 차량의 충돌 안정 성능과 충돌 예방 성능을 종합적으로 평가해 결과를 발표한다. 평가차량 중 최고 안전성을 나타낸 차량에는 톱 세이프티 픽 플러스 등급을 매긴다.톱 세이프티 픽 플러스 등급을 받으려면 ▷운전석 스몰 오버랩 ▷조수석 스몰 오버랩 ▷전면 충돌 ▷측면 충돌 ▷지붕 강성 ▷머리지지대 등 6개 충돌 안전 항목 평가에서 모두 최고 등급인 우수(good) 평가를 받아야 한다.또한 전방 충돌방지 시스템 테스트(차량과 차량·차량과 보행자)에서 상급(advanced) 이상 등급을, 전조등 평가에서 양호(acceptable) 이상 등급을 받아야 한다.현대차의 제네시스 플래그십 세단인 G90은 이 요건들을 모두 만족시켜 톱 세이프티 픽 플러스에 당당히 이름을 올렸다. 제네시스 G90의 모든 트림에 기본 장착한 ‘풀 LED 헤드램프’는 전조등 평가에서 가장 높은 등급인 ‘우수(good)’를 받았다.전방 충돌방지 시스템 테스트에서 G90는 12mph(19.3km/h)와 25mph(40.2km/h) 속력의 차량과 차량 충돌 상황에서 충돌을 회피해 가장 높은 등급인 ‘최우수(superior)’를 받았으며, 차량과 보행자의 충돌 상황에서는 저속에서 충돌을 피하고 고속에서 속도를 급격히 낮춰 상급(advanced) 등급을 받았다.제네시스 관계자는 “제네시스는 다양한 위험 상황에서 탑승자를 안전하게 지키기 위해 전 모델에 전방 충돌방지 보조, 차로 이탈방지 보조, 고속도로 주행 보조 등 첨단 안전 및 편의 사양을 기본 장착했다”며 “앞으로도 고객의 안전을 위해 최선을 다할 것”이라고 밝혔다.▶헤럴드 ‘팩트체커’ 진실은 바로 이것▶코로나19 현황보기 ▶선별진료소 확인 - Copyrights ⓒ 헤럴드경제 & heraldbiz.com, 무단 전재 및 재배포 금지 -
	
	"
"2020.03.12","https://news.naver.com/main/read.nhn?mode=LSD&mid=sec&sid1=103&oid=417&aid=0000516634","현대자동차","[출근길] ""XM3, 아반떼와 승부""… 4월 대전 열린다","
	
	



() {}
현대자동차가 4월 신형 아반떼를 출시한다./사진=현대차 현대자동차와 르노삼성자동차가 준중형 자동차 시장에서 한판 승부를 벌인다. 현대차는 신형 아반떼를 르노삼성차는 XM3를 내세운다. 차체는 다르지만 가격대와 구매연령층이 비슷해 두 차의 승부는 불가피할 전망이다. 12일 자동차업계에 따르면 다음달 현대차는 신형 아반떼를 본격 판매할 예정이다. 신형 아반떼 가격은 1000만 후반에서 시작해 2000만원 초반으로 형성될 예정이다. 아반떼에는 1.6리터 가솔린 엔진에 무단변속기(CVT)를 장착한다. 르노삼성차 XM3 1.에도 동일한 엔진과 변속기가 탑재돼 있다. 자동차업계 관계자는 “XM3는 가격경쟁력으로 다양한 세그먼트를 흡수하고 있으며 신형 아반떼와도 부딪힐 것”이라고 전했다. 신형 아반떼는 신규 플랫폼과 함께 현대차의 차세대 파워트레인인 '스마트스트림' 엔진이 적용된다. 전 세계적으로 환경규제가 강화되고 있는 만큼 디젤 라인업은 단종되고 대신 아반떼 최초로 가솔린을 적용한다. 주력 파워트레인은 기존과 동일한 1.6ℓ 가솔린과 CVT 조합(최고출력 123마력, 최대토크 15.7kg.m)이 주력이다. 6세대 아반떼와 동일하다. MPi 가솔린 엔진이 탑재된 XM3 1.6 GTe 모델은 123마력, 토크는 15.8㎏.m다. XM3 1.6 가격은 ▲SE 트림 1719만원 ▲LE 트림 1939만원 ▲LE Plus 트림 2140만원이다. 자동차업계 관계자는 “20~30대 소비층이 주력으로 떠오르면서 이 소비자들을 잡기 위해 가성비, 디자인을 앞세운 차들이 많이 등장하고 있다”며 “차체와 세그먼트를 넘나 드는 다양한 차들이 쏟아질 것”이라고 말했다. 전민준 기자 minjun84@mt.co.kr▶ 고수들의 재테크 비법 영상▶ 이건희칼럼  ▶ 코로나19 속보  <저작권자 ⓒ '성공을 꿈꾸는 사람들의 경제 뉴스' 머니S, 무단전재 및 재배포 금지>"
"2020.03.12","https://news.naver.com/main/read.nhn?mode=LSD&mid=sec&sid1=101&oid=277&aid=0004641159","현대자동차","[클릭 e종목] 시장공포에도 흔들림 없는 이노션…올해 실적 24%UP","
	
	



() {}
매출, 영업익 모두 증가 전망현대 G80 마케팅 전담, 기아차 CI 변경 등 안정적 수주[아시아경제 이민우 기자] 이노션이 지난해보다 매출과 영업이익 모두 20% 이상 늘릴 수 있을 것이라는 전망이 나왔다. 신종 코로나바이러스감염증(코로나19)에 따른 불황이 이어지지만 현대자동차의 마케팅 등이 이어질 것으로 예상되는 만큼 안정적인 실적을 거둘 수 있을 것이라는 분석이다.12일 대신증권은 이노션의 올해 매출 1540억원, 영업이익 360억원을 거둘 것으로 내다봤다. 지난해보다 각각 24.1%, 24.5% 늘어난 수준이다.당장 1분기부터 코로나19에 따른 불경기에 따른 영향이 있겠지만 나름 준수한 실적을 거둘 것으로 예상했다. 김희재 대신증권 연구원은 ""2018년 1분기에 발생한 평창 올림픽 광고 물량이 줄어 지난해 1분기 실적이 부진했고, 코로나19의 영향으로 추가 역성장이 나타날 수 있다""며 ""다만 2018년에 있었던 평창 올림픽과 월드컵 광고 물량이 감소하면서 실적 베이스가 낮기 때문에 코로나 이슈 해결 후 하반기 광고 집행이 정상화되면서 연간 6% 성장할 것""이라고 설명했다.현대차와 기아차의 꾸준한 광고물량도 호재로 봤다. 김 연구원은 ""해외 실적의 비중 70%, 전체 실적의 비중 50%를 차지하는 미주 지역에서 이노션은 현대차와 기아차의 광고 물량을 꾸준히 소화해 내고 있기 때문에, 적어도 1Q20 실적을 우려할 필요는 없을 것""이라고 했다.최근 주가 하락의 요인 중 하나는 현대차와 기아차 공장의 일부 폐쇄와 이달 개최 예정이던 스위스 제네바 모터쇼 취소, 이에 따른 신차 G80의 출시 지연 및 마케팅 감소 우려였다. 이에 대해 김 연구원은 ""통상 광고주의 전략 수정에 따른 마케팅비 증가 또는 감소에는 2개 분기 정도 소요되기 때문에 당장 올 1분기 마케팅에는 영향이 없다""며 ""실제로도 아직까지 현기차의 마케팅 감소 움직임은 없고, 신차 G80도 제네바 모터쇼 대신 온·오프라인 공개 결정 후 지난 5일 이미지를 공개하는 등 이달 내지 다음달 중 출시를 강행할 것으로 보인다""고 설명했다. 특히 모터쇼 대신 온·오프라인 공개를 선택할 경우 이노션에 대한 마케팅 의존도는 더욱 높아질 수 있다는 분석이다. 그 밖에 기아차의 기업이미지(CI) 변경, 지난해 말 인수한 웰컴의 실적 반영 등으로 안정적인 실적을 충분히 거둘 수 있는 근거로 꼽혔다.이 같은 이유로 대신증권은 이노션에 대해 투자의견 '매수', 목표주가 10만원을 제시했다. 전날 종가는 6만1200원이었다.이민우 기자 letzwin@asiae.co.kr▶ 소름 쫙! 2020년 내 대운 시기 확인하기▶ 네이버에서 아시아경제 뉴스를 받아보세요 ▶ 놀 준비 되었다면 드루와!  드링킷!<ⓒ경제를 보는 눈, 세계를 보는 창 아시아경제 무단전재 배포금지>
	
	"
"2020.03.12","https://news.naver.com/main/read.nhn?mode=LSD&mid=sec&sid1=101&oid=015&aid=0004305562","현대자동차","국내 2위 車부품사 만도마저 대규모 감원…업계 ""생존 자체가 목표""","
	
	



() {}
만도, 생산직 희망퇴직·순환휴직車부품업계 구조조정 본격화한라그룹 계열의 자동차 부품업체 만도가 전 생산직 근로자를 대상으로 희망퇴직과 순환휴직을 추진한다. 생산 및 판매 급감으로 한국 자동차산업이 벼랑 끝에 내몰린 상황에서 신종 코로나바이러스 감염증(코로나19) 사태까지 터지자 인력 구조조정에 나섰다는 분석이다.12일 자동차업계에 따르면 만도는 최근 노조에 ‘유휴인력 해소안’을 제시했다. 전 생산직을 대상으로 희망퇴직을 시행하고 이후에도 유휴인력이 있으면 순환휴직 및 전환배치를 추진한다는 내용이다. 만도가 전체 생산직을 대상으로 희망퇴직을 추진하는 건 2008년 한라그룹에 재인수된 이후 처음이다. 부품업계에서는 만도를 시작으로 대형 부품사들이 줄줄이 인력 및 사업 구조조정에 들어갈 것이라는 관측이 나온다. 한 부품사 대표는 “경영 환경이 예상보다 훨씬 심각하다”며 “올해 최대 목표는 생존”이라고 말했다.국내 자동차 생산 해마다 감소대형 부품사들 중국서도 부진한라그룹 계열의 자동차 부품회사 만도가 ‘몸집 줄이기’에 나선다. 극심한 불황에 완성차 판매가 급감하는 와중에 신종 코로나바이러스 감염증(코로나19) 사태가 터져 자동차산업 위기가 장기화할 것이라고 판단한 결과다. 만도는 사업 일부를 접고 고용 인력을 줄일 방침이다. 부품업계 관계자는 “국내 최대 부품사 중 한 곳인 만도마저 대대적인 구조조정에 나설 정도로 상황이 심각하다”며 “차 부품사의 연쇄 도산이 현실화할 가능성이 점점 커지고 있다”고 우려했다. 만도는 세계 47위(2018년 매출 기준) 부품사다. 현대자동차그룹 계열사를 제외하면 한온시스템(옛 한라공조·46위)과 함께 국내 최대 규모의 차 부품사다.“구조조정 안 하면 더 큰 위기”12일 자동차업계에 따르면 만도는 지난달 초부터 노조와 일부 사업 정리 및 유휴인력 해소 방안을 협의하고 있다. 회사는 노조에 △강원 원주 주물공장 및 관련 사업 매각 △전 생산직 대상 자발적 희망퇴직 시행 △희망퇴직 이후 유휴인력 발생 시 순환휴직 및 전환배치 등의 내용이 담긴 구조조정안을 전달했다. 회사 관계자는 “자동차산업을 둘러싼 환경이 갈수록 나빠지고 있어 회사가 더 큰 위기에 빠지는 것을 막아야 한다”고 말했다. 만도는 지난해 사무직을 대상으로 희망퇴직을 시행하는 등 몸집을 줄이기 위해 노력했지만, 뚜렷한 성과를 내지 못했다. 사무직은 인원이 많지 않은 데다 희망퇴직을 신청한 인원도 극소수였기 때문이다. 회사 관계자는 “희망퇴직은 희망자에 한해서만 시행할 계획”이라며 “몇 명이 신청할지는 예측하기 힘들다”고 말했다.자동차 부품업계가 처한 상황은 갈수록 악화하고 있다. 국내에서 생산하는 자동차는 해마다 줄고 있다. 2015년 455만여 대에서 지난해 395만여 대로 떨어졌다. 만도를 비롯한 국내 부품사들은 중국에서도 어려움에 처했다. 베이징현대와 둥펑위에다기아 등 주요 고객사의 판매량이 해마다 감소하고 있어서다.부품업계 일자리 2년 새 2만 개 줄어코로나19로 인한 피해도 커지고 있다. 코로나19가 확산하면서 국내 및 중국 완성차 공장이 길게는 3주가량 문을 닫는 상황이 벌어졌기 때문이다. 지난달 국내 자동차 생산량은 작년 같은 달보다 26.4% 줄어든 18만9235대에 그쳤다. 2월 기준으로는 외환위기 시절인 1999년 이후 최저 수준이다. 중국에 있는 완성차업체의 생산량은 작년 동월 대비 80%가량 급감한 것으로 알려졌다.이달 이후에도 생산량 원상회복은 쉽지 않을 것이라는 관측이 많다. 소비심리가 극도로 위축된 탓이다. 한국자동차산업협회 조사에 따르면 이달 들어 국내 부품사의 가동률은 50~70% 수준에 그치고 있다.인력 구조조정이 자동차 부품업계 전반으로 확산할 것이라는 전망도 나온다. 중소 부품사들은 이미 감원에 나선 것으로 전해졌다. 한 부품사 대표는 “지난달 공장을 거의 가동하지 못하면서 자금 사정이 급격하게 나빠졌다”며 “조만간 노조와 구조조정 방안을 협의할 계획”이라고 말했다. 다른 부품사 대표는 “이미 임원 및 간부 절반 이상을 내보냈고, 일반 직원들을 대상으로 희망퇴직을 시행할 시기를 보고 있다”며 “올해를 무사히 넘길 수 있을지 걱정스럽다”고 토로했다.일부 지역에서 ‘부품업계발(發) 실업대란’이 발생할지 모른다는 우려도 커지고 있다. 한국고용정보원에 따르면 지난 1월 기준 국내 자동차 및 부품업계 고용 인력은 37만8135명으로 2년 전에 비해 2만 명가량 줄었다. 2012년 1월(37만6835명) 후 최저 수준이다. 지난 2년간 사라진 2만 개의 일자리 가운데 대부분이 부품업체 일자리라고 업계는 추정하고 있다.도병욱 기자 dodo@hankyung.com▶ 네이버에서 한국경제 뉴스를 받아보세요▶ 한경닷컴 바로가기  ▶ 모바일한경 구독신청 ⓒ 한국경제 & hankyung.com, 무단전재 및 재배포 금지
	
	"
"2020.03.12","https://news.naver.com/main/read.nhn?mode=LSD&mid=sec&sid1=101&oid=469&aid=0000476684","현대자동차","국내 車 부품사 2위 만도, 생산직 희망퇴직 추진","
	
	



() {}
만도자동차 부품업체 만도가 관리직 구조조정에 이어 생산직 직원을 대상으로 희망퇴직과 순환휴직을 추진한다. 국내 자동차 산업이 부진에 빠진 상황에서 신종 코로나바이러스 감염증(코로나19) 사태까지 터져 경영이 악화됐기 때문으로 보인다. 만도는 최근 노동조합에 전 생산직을 대상으로 희망퇴직을 하는 내용의 ‘유휴인력 해소안’을 전달했다고 12일 밝혔다.2,000여명에 달하는 생산직을 대상으로 자발적 희망퇴직을 하고 희망퇴직 이후 유휴인력이 발생하면 순환휴직 및 전환배치를 시행한다는 내용이다. 생산직 직원 대상 희망퇴직은 만도가 2008년 한라그룹에 인수된 이후 처음이다.만도는 지난해 비상경영체제에 돌입하면서 임원 20%를 감원하고 관리직 직원을 대상으로 희망퇴직을 실시하는 등 구조조정을 단행했었다. 당시 정몽원 회장은 담화문을 통해 “회사의 지속적인 생존을 위해 비상한 경영 효율화 조치들을 결행할 예정”이라며 “필요하지 않은 자산의 매각, 글로벌 라인의 최적화 조치, 재무 구조조정 등을 과감하게 단행할 것”이라고 밝혔다. 업계에서는 국내 2위 자동차 부품사 중 한 곳인 만도가 대대적인 구조조정에 나선 것을 두고 차 부품사의 연쇄 도산이 현실화하는 것 아니냐는 우려를 내놓고 있다. 만도는 현대자동차그룹 계열사를 빼면 국내 차 부품사 중 규모가 가장 크다.  윤태석 기자 sportic@hankookilbo.com ▶네이버에서 한국일보 뉴스를 받아보세요 ▶뉴;잼을 보면 뉴스가 재밌다 [뉴스레터 구독하기] ▶한국일보닷컴 바로가기
	
	"
"2020.03.12","https://news.naver.com/main/read.nhn?mode=LSD&mid=sec&sid1=105&oid=293&aid=0000027113","현대자동차","조현구 클래스팅 대표, 다보스 WEF '차세대 지도자' 선정","
	
	



() {}

	
	글로벌 에듀테크 스타트업 클래스팅을 이끄는 조현구 대표가 다보스 세계경제포럼(World Economic Forum, WEF)의 차세대 지도자 ‘2020 영 글로벌 리더(2020 Young Global Leader, YGL)’로 선정됐다. 조현구 대표는 올해 유일한 한국인 선정자로, 국내 교육 분야에서 선정자가 나온 것은 이번이 최초다.세계경제포럼은 매해 전 세계에서 40세 이하의 인재를 추천받고 전문 분야에서의 성취도와 사회에 대한 기여도 등을 평가해 차세대 지도자를 선정한다. 올해는 2천명 이상의 후보자 중 114명이 뽑혔으며 뉴질랜드 최초 난민 출신 국회의원 골리즈 가라만(Golriz Gharhaman), 핀란드 최연소 총리 산나 마린(Sanna Marin), 샤오미 국제 사업 대표 쥬샤오즈(Chew Shou Zi) 등이 포함됐다.올해 1월 스위스 다보스에서 개최된 2020 세계경제포럼은 미래 사회와 일자리에 맞는 새로운 초·중등 교육 시스템 ‘교육 4.0’을 주요 안건으로 의논하며 교육 혁신의 중요성을 강조한 바 있다.2012년 교사로 재직 중이던 조현구 대표는 교육 정보 격차를 줄이고 학교와 가정이 효과적으로 소통할 수 있도록 돕는 교육용 SNS를 개발해 배포했다. 이후 학교의 어려움을 찾아 해결한다는 미션을 바탕으로 에듀테크 스타트업 클래스팅을 창업, 학교 플랫폼 서비스를 무료로 제공 중이다.현재 클래스팅은 전국 학교의 90%, 전 세계 550만명 이상의 교사, 학생, 학부모가 이용하는 교육 플랫폼으로 성장했다. 최근에는 공교육 혁신의 사회적 가치와 지속가능한 비즈니스 모델 모두 인정받으며 임팩트 벤처캐피탈(VC) 미슬토와 옐로우독으로부터 약 60억원의 임팩트 투자를 유치하기도 했다.조현구 클래스팅 대표는 “세계적으로 어려운 시기에 영 글로벌 리더로 선정되어 더 큰 사명감을 느낀다”라며 “클래스팅은 학교 현장의 혁신을 이끌어 가는 에듀테크 기업으로서 지금과 같은 위기 상황에서도 교육에 공백이 생기지 않도록 최선을 다해 노력할 것”이라고 소감을 밝혔다.머라이어 레빈(Mariah Levin) 세계경제포럼 영글로벌리더포럼 총괄은 “전도유망하고 유능한 리더들을 지원함으로써 지역 사회 전체에 이로운 긍정적인 파급 효과를 창출할 수 있기를 바란다. 지난 10년 간 리더십에 대한 신뢰가 감소해 왔지만, 이번 영 글로벌 리더들은 역동성, 열정, 진실성을 통해 세상을 고무시키고 있다”라고 말했다.한편 앞서 차세대 지도자로 선정된 한국인에는 이재용 삼성전자 부회장, 이해진 네이버 글로벌투자책임자(GIO), 정의선 현대자동차그룹 수석부회장, 허세홍 GS칼텍스 사장, 축구선수 박지성 등이 있다.김인경 기자(shippo@bloter.net)[블로터 바로가기]▶ 네이버 메인에서 블로터 뉴스 구독하기 ▶ 블로터 아카데미에서 마케팅 역량을 키우세요저작권자 ⓒ(주)블로터앤미디어, 무단 전재 및 재배포 금지
	
	"
"2020.03.12","https://news.naver.com/main/read.nhn?mode=LSD&mid=sec&sid1=102&oid=469&aid=0000476594","현대자동차","조현구 클래스팅 대표, WEF 차세대 지도자로 선정","
	
	



() {}

	
	국내 신생(스타트업) 기업 대표가 세계경제포럼(WEF)의 차세대 지도자 114인에 선정됐다.교육기술 스타트업 클래스팅은 12일 조현구(사진) 대표가 한국인으로는 유일하게WEF의 차세대 지도자인 ‘2020 영 글로벌 리더(YGL)’로 선정됐다고 밝혔다. 과거에 이재용 삼성전자 부회장, 정의선 현대자동차 수석부회장, 박지성 전 축구 국가대표, 이해진 네이버 창업주 등이 YGL로 선정된 적이 있다.WEF는 매년 전세계에서 40세 이하 인재 가운데 성취도, 사회적 기여도 등을 평가해 YGL을 선정한다. 올해는 2,000명 이상 후보 가운데 조 대표를 비롯해 핀란드의 최연소 총리 산나 마린, 중국 기업 샤오미의 국제사업 대표 쥬샤오즈, 뉴질랜드의 최초 난민 출신 국회의원 골리즈 가라만 등 114명이 뽑혔다.WEF는 지난 1월 스위스 다보스에서 개최한 세게경제포럼에서 미래 사회에 적합한 교육 시스템인 ‘교육 4.0’을 주요 의제로 다뤄 교육 혁신의 중요성을 강조했다. 조 대표는 “세계적으로 어려운 시기에 선정돼 큰 사명감을 느낀다”며 “신종 코로나 바이러스 감염증(코로나19)이 확산되는 위기 상황에서 교육 공백이 발생하지 않도록 최선을 다하겠다”고 소감을 밝혔다.인천 초등학교 교사였던 조 대표는 학교와 가정을 인터넷으로 연결하고 교사들의 업무를 개선하기 위해 2012년 클래스팅을 창업했다. 이 업체에서 만들어 각급 학교에 무료 배포하는 교육용 플랫폼은 사회관계형서비스(SNS)로 가정통신문과 과제를 전달하고 교사와 학부모가 소통할 수 있게 도와 준다. 덕분에 국내 학교의 90%, 전 세계에서 1만8,000여 학교의 550만명이 이 플랫폼을 사용한다.최연진 IT전문기자 wolfpack@hankookilbo.com ▶네이버에서 한국일보 뉴스를 받아보세요 ▶뉴;잼을 보면 뉴스가 재밌다 [뉴스레터 구독하기] ▶한국일보닷컴 바로가기
	
	"
"2020.03.13","https://news.naver.com/main/read.nhn?mode=LSD&mid=sec&sid1=101&oid=030&aid=0002872506","현대자동차","용인시, 수소자동차 보조금 3250만원...출고순 150대","
	
	



() {}
용인시 관용 수소자동차 넥쏘용인시는 올해 수소자동차 신차 구입 보조금을 1대당 3250만원, 150대를 지원하고 16일부터 접수한다.대기오염물질 및 온실가스를 저감을 위해 오염물질을 배출하지 않는 친환경 자동차를 보급하려는 정부 정책에 따른 것으로 시는 지난해 45대를 보급한 바 있다.보조금 지원대상 차량은 현대자동차 넥쏘 단일 종으로 1대당 3250만원을 지원한다.지원대상은 신청 전 6개월 전부터 용인시에 주소를 둔 개인 또는 법인·단체다. 개인의 경우 1세대당 1대, 법인이나 단체에도 1대만 지원한다. 단, 용인시에서 전기자동차나 수소자동차 보조금을 지원받은 경우엔 대상에서 제외된다.시는 장애인, 기초생활수급자, 다자녀가족, 생애첫차구매, 노후경유차 폐차 후 수소자동차 구매, 상이유공자 등에 보급 대수의 20%를 우선 보급할 방침이다.신청은 자동차 판매 대리점에서 차량 구입 계약을 한 후 보조금 지원 신청서와 동의서를 작성해 저공해차 구매지원 시스템에 접수하면 된다.자세한 내용은 시청 홈페이지 고시공고를 참고하거나 시청 기후에너지과로 문의하면 된다.용인시 관내엔 올 하반기 에버랜드 주차장 등 2곳에 수소자동차 충전소가 생길 예정이다.한편, 수소차 최초 사용등록일 이전 180일, 최초 사용등록일 이후 90일 이내 배출가스 5등급 경유 자동차를 폐차하는 경우 500대에 한정으로 200만원을 추가 지원한다.김정희기자 jhakim@etnews.com▶ 네이버 홈에서 [전자신문] 구독하기▶ 전자신문 바로가기 [Copyright ⓒ 전자신문 & 전자신문인터넷, 무단전재 및 재배포 금지]
	
	"
"2020.03.13","https://news.naver.com/main/read.nhn?mode=LSD&mid=sec&sid1=102&oid=014&aid=0004389294","현대자동차","용인시, '수소자동차 보조금' 16일부터 신청·접수","
	
	



() {}
현대차 넥쏘 구매시 3250만원 보조, 차량 출고순 150대 대상 [파이낸셜뉴스 용인=장충식 기자] 경기도 용인시는 올해 수소자동차 신차 구입 보조금을 150대에 지원키로 하고 오는 16일부터 접수 받는다고 13일 밝혔다.  대기오염물질 및 온실가스를 저감을 위해 오염물질을 배출하지 않는 친환경 자동차를 보급하려는 정부 정책에 따른 것으로 시는 지난해에 45대를 보급한 바 있다.  보조금 지원대상 차량은 현대자동차 넥쏘 단일 종으로 1대당 3250만원을 지원한다.  지원대상은 신청 전 6개월전부터 용인시에 주소를 둔 개인 또는 법인·단체다.  개인의 경우 1가구당 1대, 법인이나 단체에도 1대만 지원한다.  단, 용인시에서 전기자동차나 수소자동차 보조금을 지원받은 경우엔 대상에서 제외된다.  시는 장애인, 기초생활수급자, 다자녀가족, 생애첫차구매, 노후경유차 폐차 후 수소자동차 구매, 상이유공자 등에 보급 대수의 20%를 우선 보급할 방침이다.  신청은 자동차 판매 대리점에서 차량 구입 계약을 한 후 보조금 지원 신청서와 동의서를 작성해 저공해차 구매지원 시스템에 접수하면 된다.  자세한 내용은 시청 홈페이지 고시공고를 참고하거나 시청 기후에너지과로 문의하면 된다.  용인시 관내엔 올해 하반기 처인구 포곡읍 에버랜드 주차장과 기흥구 농서동 린데SG코리아 공장 내 수소자동차 충전소가 생길 예정이다.  한편, 수소차 최초 사용등록일 이전 180일, 최초 사용등록일 이후 90일 이내 배출가스 5등급 경유 자동차를 폐차하는 경우 500대에 한정으로 200만원을 추가 지원한다.  jjang@fnnews.com 장충식 기자  ▶ 헉! 소리나는 스!토리 뉴스 [헉스]▶ 클릭해, 뉴스 들어간다 [뉴스쿨]  ※ 저작권자 ⓒ 파이낸셜뉴스. 무단 전재-재배포 금지
	
	"
"2020.03.13","https://news.naver.com/main/read.nhn?mode=LSD&mid=sec&sid1=102&oid=016&aid=0001648036","현대자동차","용인시, 수소자동차 보조금지원 접수","
	
	



() {}

	
	[헤럴드경제(용인)=지현우 기자] 용인시는 올해 수소자동차 신차 구입 보조금을 150대에 지원키로 하고 오는 16일부터 접수 받는다고 13일 밝혔다.대기오염물질과 온실가스를 저감을 위해 오염물질을 배출하지 않는 친환경 자동차를 보급하려는 정부 정책에 따른 것이다. 시는 지난해에 45대를 보급한 바 있다. 보조금 지원대상 차량은 현대자동차 넥쏘 단일 종으로 1대당 3250만원을 지원한다.지원대상은 신청 전 6개월전부터 용인시에 주소를 둔 개인이나 법인·단체다. 개인은 1세대당 1대, 법인이나 단체에도 1대만 지원한다. 용인시에서 전기자동차나 수소자동차 보조금을 지원받은 경우엔 대상에서 제외된다.용인시 관용 수소자동차. [용인시 제공]시는 장애인, 기초생활수급자, 다자녀가족, 생애첫차구매, 노후경유차 폐차 후 수소자동차 구매, 상이유공자 등에 보급 대수의 20%를 우선 보급할 방침이다. 신청은 자동차 판매 대리점에서 차량 구입 계약을 한 후 보조금 지원 신청서와 동의서를 작성해 저공해차 구매지원 시스템에 접수하면 된다.자세한 내용은 시청 홈페이지 고시공고를 참고하거나 시청 기후에너지과로 문의하면 된다. 용인시는 하반기 처인구 포곡읍 에버랜드 주차장과 기흥구 농서동 린데SG코리아 공장 내 수소자동차 충전소가 생길 예정이다.수소차 최초 사용등록일 이전 180일, 최초 사용등록일 이후 90일 이내 배출가스 5등급 경유 자동차를 폐차하는 경우 500대에 한정으로 200만원을 추가 지원한다.deck917@heraldcorp.com▶헤럴드 ‘팩트체커’ 진실은 바로 이것▶코로나19 현황보기 ▶선별진료소 확인 - Copyrights ⓒ 헤럴드경제 & heraldbiz.com, 무단 전재 및 재배포 금지 -
	
	"
"2020.03.13","https://news.naver.com/main/read.nhn?mode=LSD&mid=sec&sid1=101&oid=469&aid=0000476917","현대자동차","코로나 직격탄 맞은 자동차산업… 2월 생산 26.4% 급감","
	
	



() {}
신종 코로나바이러스 감염증 사태로 중국산 부품 공급이 중단되면서 생산 라인이 순차적 휴업에 들어간 현대자동차 울산공장 수출선적부두의 2월 모습. 연합뉴스지난달 국내 자동차 산업이 신종 코로나바이러스 감염증(코로나19) 확산 여파로 생산과 내수ㆍ수출 판매 실적 모두 악화했다. 13일 산업통상자원부에 따르면 2월 자동차 생산은 전년 동월 대비 26.4% 감소한 18만9,235대로 잠정 집계됐다. 와이어링 하니스 등 중국산 부품 재고 부족과 코로나19 확진자 발생에 따른 공장 가동 중단 여파로 풀이된다. 조업일수 감소는 현대자동차가 10.6일로 가장 컸고 기아(8.9일) 쌍용(8.5일) 르노삼성(4일) 한국지엠(2일) 순이었다.수출 역시 공장 가동 중단에 따른 물량 감소로 전년 동월 대비 25% 줄어든 12만3,022대에 그쳤다. 다만 북미 지역 수출은 스포츠유틸리티차량(SUV) 라인업 확대 등으로 10.6% 증가했다. 내수 판매는 소비심리 위축까지 더해져 전년 동월 대비 18.8% 감소한 9만7,897대를 기록했다. 국산차 중에는 쏘나타(6.9%)와 K5(3.8%)가 신차 효과로 전월보다 많이 팔렸지만 다른 차종은 판매 감소를 피하지 못했다. 수입차는 벤츠 BMW 폭스바겐 등 독일계 브랜드의 판매량이 소폭 상승한 반면 일본계는 52.5% 감소하며 부진을 이어갔다.다만 전기차와 수소차는 내수 및 수출 판매가 동반 증가했다. 전기차 판매는 내수가 전년 동월 대비 48.7%, 수출이 10.5% 늘었고, 수소차는 내수 515.3%, 수출 136.8% 급증했다. 전기차 수출은 31개월, 수소차는 20개월 연속 증가다. 자동차부품 수출 역시 북미 SUV 판매 호조와 인도 신공장 가동 영향으로 전년 동월 대비 10.1% 증가한 18억 달러를 기록했다.김경준 기자 ultrakj75@hankookilbo.com  ▶네이버에서 한국일보 뉴스를 받아보세요 ▶뉴;잼을 보면 뉴스가 재밌다 [뉴스레터 구독하기] ▶한국일보닷컴 바로가기
	
	"
"2020.03.13","https://news.naver.com/main/read.nhn?mode=LSD&mid=sec&sid1=101&oid=031&aid=0000529542","현대자동차","2월 車생산·내수·수출 모두 큰폭 감소…""코로나19 탓""","
	
	



() {}
한국지엠·르노삼성차 '신차효과'…SUV·친환경차 수출 비중 확대[아이뉴스24 황금빛 기자] 지난달 국내 자동차산업은 생산, 내수, 수출 모두 큰 폭의 감소를 기록하며 신종 코로나바이러스감염증(코로나19) 영향을 피하지 못한 것으로 나타났다.산업통상자원부가 13일 발표한 '2020년 2월 자동차산업 월간 동향'을 보면 지난달 국내 자동차 생산과 내수, 수출은 모두 전년동월대비 각각 26.4%, 18.8%, 25.0% 줄어든 것으로 잠정 집계됐다.생산은 일부 중국산 부품 재고 부족과 코로나19 확산 우려에 따른 공장가동 중단 등으로 전년동월대비 26.4% 줄어든 총18만9천235대를 기록했다.특히 현대자동차와 기아자동차가 코로나19 영향으로 일부 중국산 부품 재고 부족에 따른 생산 차질로 각각 전년동월대비 32.5%, 27.0% 생산이 줄었다. 한국지엠과 쌍용자동차도 각각 14.4%, 36.9% 줄었는데 이는 한국지엠의 EU지역 수출 중단과 쌍용차의 수출부진 등이 영향을 미쳤다. 다만 르노삼성자동차는 신차 XM3 출시 영향으로 생산이 9.2% 증가했다.내수 역시 이러한 생산 차질에 더해 소비심리 위축으로 전년동월대비 18.8% 감소한 총 9만7천897대 판매에 그쳤다.국산차 가운데 현대차와 기아차, 쌍용차, 르노삼성차가 각각 전년동월대비 26.4%, 13.7%, 32.7%, 25.4% 판매 감소를 보였다. 다만 한국지엠은 신차 트레일블레이저 효과로 3.8% 소폭 감소를 나타냈다.수입차 가운데는 렉서스, 토요타 등 일본계 5개 자동차브랜드가 모두 부진해 전년동월대비 52.5%의 큰 폭의 판매 감소를 보였다. [사진=산업통상자원부]공장가동 중단에 따른 수출물량 감소 등의 영향으로 수출도 전년동월대비 25.0% 줄어든 12만3천22대 판매에 그쳤다.다만 고부가가치 차량인 SUV와 친환경차 수출 비중 확대로 수출금액은 16.6% 줄어들며 상대적으로 적은 감소를 보였다. 실제 SUV의 수출 비중은 지난해 2월 59.3%에서 지난 2월 71.9%로 12.6%p 증가했다. 친환경차 수출 비중도 지난해 2월 9.0%에서 지난 2월 11.9%로 2.9%p 늘었다.한편 지난달 자동차부품 수출은 미중 무역분쟁 등으로 인한 글로벌 시장 위축 등에도 불구하고 북미 SUV 판매호조와 인도의 신공장 가동 등으로 전년동월대비 10.1% 증가한 18억불을 기록했다.황금빛기자 gold@inews24.com▶네이버 채널에서 '아이뉴스24'를 구독해주세요.▶홍성택과 함께하는 희망찾기 등산·트레킹 교실 ▶아이뉴스24 바로가기[ⓒ 아이뉴스24 무단전재 및 재배포 금지]"
"2020.03.13","https://news.naver.com/main/read.nhn?mode=LSD&mid=sec&sid1=103&oid=009&aid=0004536127","현대자동차","현대차 코나 EV 체코서 양산…유럽 최대 친환경차 메이커 노린다","
	
	



() {}
아이오닉·넥쏘 등 적극 진출올해 유럽서 8만대 판매목표현대자동차가 체코 공장에서 연 3만대 규모의 코나 전기차(EV) 모델(코나 일렉트릭) 양산에 돌입했다고 13일 밝혔다.현대차에 따르면 이 회사가 약 7200만 유로( 원)를 투자해 완성한 체코 노쇼비체 공장은 이번 주부터 준중형 스포츠유틸리티차량(SUV)인 코나 일렉트릭의 초도 물량을 유럽 시장에 공급하고 있다. 노쇼비체 공장에서 생산하는 코나 일렉트릭 모델은 150킬로와트(kW)급 전기모터와 64킬로와트시(kWh) 용량의 배터리를 탑재했다. 1회 충전당 주행거리는 484km에 이른다. 현대차는 ""이번에 양산하는 코나 일렉트릭은 체코에서 생산되는 첫 번째 순수 EV기도 하다""면서 ""울산공장과 체코공장의 양산을 통해 올해 유럽 시장에 공급할 코나 일렉트릭 물량을 전년 대비 3배 이상으로 늘릴 것""이라고 강조했다.현대차는 코나 일렉트릭을 시작으로 올해 유럽 친환경차 시장 공략에 박차를 가한다는 구상이다. 현대차는 코나 일렉트릭 외에도 아이오닉 일렉트릭과 수소연료전지차(FCEV) 넥쏘를 친환경차 전략 모델로 유럽 시장에 적극 판매하기로 했다. 올해 현대차는 약 8만대의 탄소 배출 '제로(0)' 차량을 유럽 시장에 판매한다는 목표다. 기아자동차 목표 물량 7만대를 더하면 올해 현대차그룹의 유럽 친환경차 판매 목표는 총 15만대다.현대차 관계자는 ""계획대로 순조롭게 판매가 이뤄진다면 올해 현대차는 (폭스바겐그룹 등과 함께) 유럽 시장의 최대 친환경차 메이커로 거듭날 것""이라고 설명했다. [이종혁 기자]▶'M코인' 지금 가입하면 5000코인 드려요▶네이버 메인에서 '매일경제'를 받아보세요 ▶뉴스레터 '매콤달콤' 구독[ⓒ 매일경제 & mk.co.kr, 무단전재 및 재배포 금지]
	
	"
"2020.03.13","https://news.naver.com/main/read.nhn?mode=LSD&mid=sec&sid1=101&oid=417&aid=0000517368","현대자동차","[특징주] 팬데믹 공포에… 현대차 하루 만에 8만원대 ‘신저가’","
	
	



() {}
/사진=뉴스1현대자동차의 주가가 8만원대로 떨어지면서 신저가를 기록했다. 신종 코로나바이러스 감염증(코로나19) 확산에 따른 글로벌 주식시장 침체와 자동차 산업 위축 전망 등의 영향을 받은 것으로 풀이된다. 13일 오전 10시40분 기준 현대차는 전일대비 11.37% 급락한 8만4200원 선에 거래되고 있다. 지난 12일 2018년 11월 이후 처음으로 10만원 선을 지키지 못 한데 이어 하루 만에 9만원 아래로 추락한 것이다. 세계보건기구(WHO)가 코로나19에 팬데믹을 선언하는 등 글로벌 경기 불확실성이 확대되면서 국내 주식시장의 전반적인 투자심리도 악화되고 있다.진은혜 기자 verdad89@mt.co.kr▶ 고수들의 재테크 비법 영상▶ 이건희칼럼  ▶ 코로나19 속보  <저작권자 ⓒ '성공을 꿈꾸는 사람들의 경제 뉴스' 머니S, 무단전재 및 재배포 금지>"
"2020.03.13","https://news.naver.com/main/read.nhn?mode=LSD&mid=sec&sid1=101&oid=366&aid=0000485945","현대자동차","'팬데믹 패닉'에 수출·내수 모두 붕괴 위기...기업들 '비상경영'","
	
	



() {}
코로나 사태에 세계 금융시장 붕괴하는 ‘경제 쇼크’기업들, 올해 경영계획 전면 수정해야 하는 상황코로나바이러스 감염증(코로나19)이 전 세계를 덮치며 코로나 팬데믹(전염병의 세계적 대유행) 공포로 세계 주식시장이 폭락하는 등 경제에 '쇼크'가 가시화되자 국내 기업들이 비상경영활동에 돌입했다. 수출과 내수가 모두 붕괴하면서 올해 경영계획을 전면 수정해야 하는 상황이 됐기 때문이다.기업들 사이에서는 ""코로나 사태로 경제가 패닉에 가까운 상황에 이르고 있다""는 목소리가 터져 나오고 있다. 한 재계 관계자는 ""이미 경기 부진이 장기화된 상황에서 코로나 사태로 내수, 수출할 것 없이 모든 경영 환경이 더 악화됐다""며 ""기업들은 벼랑 끝에 몰린 상황""이라고 말했다. 올해 1분기 기업 실적은 물론 신용도도 악화될 것이라는 우려가 팽배하다.◇내수 침체에 수출길도 막혀 경영 환경 ‘최악’지난달 중국산 부품 공급에 차질을 빚으며 한동안 생산라인을 멈췄던 현대자동차(005380)는 지난달 판매량이 급감했다. 지난달 현대차의 국내 판매량은 3만9290대로, 지난해 2월(5만3406대)보다 26.4% 감소했다. 공장 가동이 중단되면서 인기 차종의 출고가 지연됐고, 코로나 사태로 소비 심리마저 위축되며 판매가 감소한 것이다.코로나 여파로 중국산 부품 공급이 차질을 빚으며 지난달 생산라인 가동을 중단한 현대차 울산 공장./연합뉴스수출 전망은 더 암울하다. 전세계가 팬데믹 공포로 무역에서도 빗장을 채우기 시작하면서 수출 감소가 가시화되고 있기 때문이다. 해외 사업이 차질이 불가피할 전망이다. 현대차 임원은 지난달 아람코와 사업 협력을 위해 사우디아라비아로 떠났지만, 공항에서 입국을 거부당해 귀국했다.국내 자동차 부품업체 만도(204320)는 경영난이 심화되면서 전체 생산직 근로자를 대상으로 희망퇴직을 받고 순환휴직도 추진하기로 했다. 자동차 판매 부진이 이어지는 가운데 코로나 사태까지 겹치자 구조조정에 들어간 것이다.세계적인 수요 감소에 과잉 공급에 이중고를 겪던 석유화학 업계는 최근 국제 유가 폭락으로 세계 금융위기보다 더 큰 위기에 봉착했다. 특히 정유업체들은 올해 1분기 대규모 적자를 볼 것으로 예상된다. 이미 지난해 말부터 정유사의 정제 마진(석유 제품 가격에서 비용을 제외한 것으로, 정유사의 수익 지표)이 마이너스로 떨어진 가운데 코로나 사태로 여객, 운송 수요가 급감하고 각국 공장 가동률도 하락해 실적은 더 악화될 것으로 보인다.항공·해운 업체는 여객, 물동량 급감으로 고사 위기다. 항공업계에 따르면 국적 항공사 여객기 10대 중 8대가 공항에 멈춰서 있다. 한국발 입국 제한 국가가 늘면서 지난달 인천공항의 국제 여객 수송객은 전년 동기 대비 41.5% 감소했다. 지난 12일에는 김포공항에서 뜨고 내린 국제선이 하루 ‘0’편을 기록하는 초유의 사태도 발생했다. 이번 사태로 운항을 80% 감축한 대한항공은 2년 이상 근속한 객실 승무원을 대상으로 1~3개월 단기 휴직 신청을 받고 외국인 조종사를 대상으로 무급휴가 신청을 받는 등 허리띠를 졸라매고 있다. 우기홍 대한항공 사장은 ""회사 역사상 가장 어려웠던 시기였던 외환위기 때도 운항을 약 18% 정도만 감축했던 것과 비교해보면 이번 코로나 19로 인한 위기의 심각성을 쉽게 짐작할 수 있다""고 말했다.해운업계의 어려움도 심화되고 있다. 국내 5위 해운사인 흥아해운(003280)은 한중 노선 물동량 감소로 최근 워크아웃(기업개선작업)을 신청했다. 지난해 미중 무역분쟁에 이어 올해 코로나19 확산으로 해운 물동량이 급감한 영향이라고 회사 측은 설명했다. 현대상선의 경우 지난달 중국의 공장 가동률이 급감하면서 해운 물동량이 전년 대비 50% 이하로 떨어졌다.코로나 사태에 사람들의 발길이 줄어 한산한 경남 창원의 한 백화점./연합뉴스감염을 우려한 사람들이 외출을 꺼리면서 백화점, 할인점도 어려움을 겪고 있다. 장기간 이어진 내수침체에 코로나 사태까지 겹치자 롯데그룹은 올해 200개 유통매장을 폐쇄하는 등 사상 최대 규모의 구조조정을 예고한 상태다. 실적 부진을 겪고 있는 롯데하이마트(071840)는 창사 20년 만에 처음으로 희망퇴직을 실시하기로 했다. 영화 관람객이 급감하면서 국내 영화관 1위 업체인 CJ CGV는 매각설에 휩싸이기도 했다.유통업계의 실적 악화는 지표로도 드러났다. 온라인쇼핑을 제외한 백화점·할인점 매출이 큰 폭 하락한 것이다. 지난달 백화점 매출액은 전년 대비 30.6% 급감했고, 대형마트 등 할인점 매출액도 19.6% 줄었다.◇코로나 사태로 韓 기업 신용등급 ‘무더기 강등’ 우려코로나 사태가 장기화될 경우 손실은 더 커질 전망이다. 팬데믹이 진정되지 않으면 수출 회복을 기대하기 어렵고, 정부 대응책으로 내수를 회복시키기는 한계가 있기 때문이다.기업의 심각한 실적 악화가 신용도 저하로 이어지면 기업의 재무 위험도 커질 수 있다. 국제 신용평가사인 스탠더드앤드푸어스(S&P)는 코로나 사태 여파로 수출 의존도가 높은 우리나라 기업들의 실적이 나빠지면서, 취약 기업 위주로 무더기 신용등급 강등 사태가 벌어질 수 있다고 경고했다. S&P는 특히 글로벌 공급망 의존도가 높은 자동차 산업의 타격이 예상되고, 항공산업이 큰 피해를 볼 것이라고 우려했다.한 재계 관계자는 ""기업 활동에서 가장 큰 리스크가 불경기와 불확실성인데, 이 둘이 한꺼번에 겹쳐 위축된 기업들의 활동이 풀릴 수 있을지 걱정""이라며 ""코로나 사태로 1분기 기업들의 매출이 10~20% 타격을 받을 수 있다""고 말했다.[연선옥 기자 actor@chosunbiz.com][이재은 기자]	[조선비즈 창간 10주년 기획 '남극은 전쟁 중' 기사 보러가기]	[네이버 메인에서 조선비즈 받아보기]	[조선비즈 바로가기]	chosunbiz.com"
"2020.03.13","https://news.naver.com/main/read.nhn?mode=LSD&mid=sec&sid1=101&oid=374&aid=0000207164","현대자동차","르노삼성, XM3로 실적반등…현대차도 7세대 아반떼 공개","
	
	

	
		동영상 뉴스
		
	



() {}
車업계, 신차로 판매회복 도모　지난 한 주간 뉴스의 중심에 있었던 자동차 관련 이슈에 대해 알아봅니다. 오토톡톡 시간입니다. 윤성훈 기자, 르노삼성이 오랜만에 출시한 신형 SUV가 흥행몰이를 하고 있다고요?네, 르노삼성은 지난달 중순부터 신형 SUV인 'XM3'의 사전계약을 시작했습니다.불과 한 달여 만에 사전계약 1만대를 돌파했습니다.동급 대비 고급 사양과 저렴한 가격을 앞세운 것이 주효한 것으로 보입니다.지난달 판매량이 약 40% 감소한 르노삼성은 국내 완성차 업체 중에서 감소 폭이 가장 컸는데요.이번 신차를 통해 실적 반등을 노릴 것으로 예상됩니다.[최병욱 / 르노삼성 마케팅상품팀 차장 : 내부적으로 갖춘 (내수판매) 목표가 4만대였고요. 충분히 목표에 대해서는 언제든지 조율할 수 있을 것 같습니다.]　　극한대립을 보이던 노사가 신차 앞에서 다시 협상 테이블에 앉았는데, 어떻게 됐나요?네, 르노삼성 노사는 임금협상 과정에서 장기간 게릴라식 파업에 직장폐쇄까지 이어졌는데요.어제 노사가 한 달 만에 마주 앉았습니다.노조는 XM3의 성공적인 출시를 위해 당분간 단체행동을 자제하겠다고 밝혔습니다.또 노노갈등까지 빚었던 민노총 가입도 유보했습니다.하지만 어제(11일) 진행된 임금협상 교섭에서도 합의점을 찾진 못했는데요.노조는 최소한의 기본급 인상을 요구했지만, 사측은 기본급 인상 대신 추가 수당 인상을 주장했습니다.아직 정확한 일정이 잡히지는 않았지만 노사는 조만간 추가 교섭을 진행할 것으로 알려졌습니다.　　현대자동차그룹도 신형 모델을 잇달아 선보이고 있죠?네, 현대차는 지난 11일 신형 아반떼의 티저 이미지를 공개했습니다.이번에 공개된 7세대 아반떼는 지난 2015년 6세대가 출시된 뒤 5년 만에 나오는 전면 변경 모델입니다.현대차는 오는 18일 미국 LA에서 아반떼를 세계 최초로 공개하고, 다음 달 출시할 계획입니다.앞서 이번 달 초 현대차의 프리미엄 브랜드 제네시스도 신형 G80 이미지 티저를 공개했는데요.이번에 공개된 3세대 모델은 이달 말 출시될 예정입니다.현대차그룹은 이들 새로운 모델들의 신차효과를 기대하고 있습니다.[김준명 / 현대기아차 방송홍보팀 : 조만간 출시될 제네시스 G80, 아반떼 등 경쟁력 있는 신차 효과를 통해서 코로나 등으로 위축된 영업 현장의 판매회복을 도모할 것으로 기대하고 있습니다.] 윤성훈 기자(yyy@sbs.co.kr)▶ 아침을 여는 뉴스 모닝벨 [#오늘의키워드]▶ 경제를 실험한다~ 머니랩 [네이버TV]저작권자 SBS미디어넷 & SBS I&M 무단전재-재배포 금지
	
	"
"2020.03.13","https://news.naver.com/main/read.nhn?mode=LSD&mid=sec&sid1=102&oid=469&aid=0000476897","현대자동차","한국노총 ‘광주형 일자리’ 협약 파기 선언…노사 상생 위기","
	
	



() {}
[저작권 한국일보] 광주광역시청. 김종구 기자 /2020-03-02(한국일보)국내 최초 노사 상생형 일자리로 주목을 받고 있는 ‘광주형 일자리’ 사업이 노동계가 사업 불참을 선언하면서 위기를 맞게 됐다.13일 광주시와 노동계에 따르면 한국노총 광주본부는 전날 운영위원회를 열어 광주시 노사민정협의회에서 맺은 투자유치 협약을 파기하기로 했다. 한국노총을 비롯해 광주 각계가 참여한 노사민정협의회는 지난해 1월 30일 노사 상생 방안을 담은 투자유치 협약을 맺었다. 광주시는 협약서를 근거로 현대자동차와 투자 유치 계약을 했다.이어 노동계는 지난해 9월 노동이사제 도입, 원ㆍ하청 관계 개선 시스템 구축, 임원 임금 노동자 2배 이내 책정, 현대차 추천 이사 사퇴, 사민자문위원회 설치 등 5개 요구안을 제시했으나 받아들여지지 않고 있다. 한국노총은 노사 상생이라는 광주형 일자리의 본래 취지가 사업 추진 과정에서 대주주인 현대자동차의 이익만을 대변하면서 훼손됐고 노동이사제 등 노동계의 요구를 수용하지 않았다며 파기를 결정했다.한국노총은 이르면 이달 말이나 늦어도 다음달 초에 청와대와 국회 앞에서 협약 파기 선언식을 할 예정이다. 노동계가 협약 파기를 결정하면서 노사 상생을 근거로 한 광주형 일자리는 좌초 위기를 맞게 됐다.시는 노동인권회관 건립, 노정협의회 사무국 설치, 시민자문위원회 구성, 글로벌모터스 임원의 적정임금 책정 등 협력 방안을 내놓으며 노동계의 참여를 끌어내는 데 애쓰고 있다. 또 사회연대일자리특보(개방형 3급)와 노동협력관(개방형 4급)직에 노동계 인사 추천을 요청한 것으로 알려졌다.윤종해 한국노총 관계자는 “5개 요구안 중 시민자문위원회 설치와 현대차 이사 추천에 대해 일정 부분 양보를 했는데도 핵심 사안은 변함이 없다”며 “더 이상 노사 상생 광주형 일자리에 참여할 명분이 없다”고 밝혔다.광주시 관계자는 “노동계가 빠지면 광주형 일자리는 의미가 없어진다”며 “노동계와 함께 갈 수 있는 방안을 찾겠다”고 말했다.한편 광주글로벌모터스는 지난해 12월 기공식 후 2021년 하반기 완성차 양산을 목표로 빛그린산단에 공장을 건설 중이다. 최근에는 경력직원 23명을 공개 채용하는 등 사업 준비에 매진하고 있다.김종구 기자 sori@hankookilbo.com ▶네이버에서 한국일보 뉴스를 받아보세요 ▶뉴;잼을 보면 뉴스가 재밌다 [뉴스레터 구독하기] ▶한국일보닷컴 바로가기
	
	"
"2020.03.13","https://news.naver.com/main/read.nhn?mode=LSD&mid=sec&sid1=101&oid=011&aid=0003709371","현대자동차","한노총 '광주형 일자리' 이탈···노사 상생 빨간불","
	
	



() {}
""정부, 현대차 이익만 고려""이달말 협약 파기 선언 예정[서울경제] 국내 첫 노사 상생형 모델인 ‘광주형 일자리’ 사업이 노동계의 협약 파기로 좌초 위기에 처했다.한국노총 광주지역본부는 지난 12일 운영위원회를 열고 광주시 노사민정협의회에서 맺은 광주형 일자리 ‘투자유치 협약서’ 파기를 결정했다고 13일 밝혔다. 한국노총은 “정부가 대주주인 현대자동차의 이익만을 고려해 노사상생의 취지가 훼손됐다”고 주장했다. 한국노총은 이달 말 청와대와 국회 앞에서 협약 파기 선언식을 할 예정이다.한국노총의 파기선언으로 광주형 일자리는 ‘광주글로벌모터스’ 공장 기공식 3개월 만에 사실상 무효화됐다. 광주형 일자리는 민간 기업이 투자를 유치해 고용안정을 제공하면 노동계가 임금 등 노동조건을 양보하고, 정부는 지원하는 형태다.한국노총은 지난해 말부터 광주형 일자리 이탈 움직임을 보였다. 한국노총 광주본부는 노동이사제 도입을 골자로 하는 5대 요구안을 광주시에 요구해왔으며 받아들여지지 않자 지난해 12월26일 열렸던 광주글로벌모터스 기공식에도 불참했다.광주시는 노동계와의 접점을 찾아보겠다는 입장이다. 광주시의 한 관계자는 “노사상생형 일자리이기 때문에 취지에 맞는 방식으로 대화가 이뤄지고 운영되기를 바란다”며 “노동계에서 제기한 방안에 대해 광주시·광주글로벌모터스와 함께 접점을 찾겠다”고 말했다. 현대차(005380)는 “현대차는 투자자일 뿐이어서 입장을 밝히기 어렵다”고 전했다./서종갑·김선덕기자 gap@sedaily.com[서울경제 바로가기]▶ 새로워진 서울경제 모바일을 만나보세요.▶ 네이버 채널에서 '서울경제' 구독해주세요!저작권자 ⓒ 서울경제, 무단 전재 및 재배포 금지
	
	"
"2020.03.13","https://news.naver.com/main/read.nhn?mode=LSD&mid=sec&sid1=101&oid=016&aid=0001647980","현대자동차","'코로나 팬데믹 쇼크’…자동차 마케팅 전략 바뀐다","
	
	



() {}
中 지리자동차 온라인 車배달 서비스폭스바겐은 온라인 판매 플랫폼 개발모터쇼 취소 이후 온라인 신차 공개도국내 비대면 판매ㆍ서비스 증가 전망메르세데스-벤츠가 미디어 웹사이트를 통해 E-클래스 부분변경 모델을 월드 프리미어로 공개했다. 사진은 '더 뉴 E-클래스를 설명하는 올라 칼레니우스 다임러 AG 및 메르세데스-벤츠 AG 이사회 의장. [메르세데스-벤츠 제공][헤럴드경제 정찬수 기자] #. 중국 자동차 제조업체 지리(Geely)자동차가 온라인에서 자동차를 구매해 집까지 배달하는 서비스를 도입했다. 중국 내 신종 코로나바이러스 감염증(코로나19) 확산 이후 급감한 판매량을 늘리기 위한 전략이다.#. 현대자동차는 오는 18일 미국 로스앤젤레스에서 열리는 ‘올 뉴 아반떼’ 월드 프리미어 이벤트를 온라인으로 생중계한다. 국가별 출시행사가 불확실한 상황에서 제네시스 G80, 기아차 쏘렌토 등 신차의 온라인 이벤트도 검토 중이다.세계보건기구(WHO)의 코로나19 ‘팬데믹(세게적 대유행)’ 선언 이후 글로벌 자동차 업계가 온라인에서 생존전략을 다시 짜고 있다. 모터쇼나 출시행사 개최가 어려운 상황에서 대면 서비스 중심의 관행을 벗어나 신차 효과를 극대화하기 위한 고육지책으로 해석된다.13일 업계에 따르면 독일의 폭스바겐그룹은 서비스 업체 디코니움(Diconium)을 인수해 글로벌 온라인 판매 플랫폼을 강화하고 있다. 온라인 플랫폼 개발은 오래 전부터 진행된 프로젝트지만, 장기화하는 코로나19 사태로 속도가 빨라졌다. 약 900명의 전문가를 채용하는 한편, 방대한 자료를 관리하기 위한 클라우드 부문의 투자도 이뤄졌다.미국 FCA(피아트크라이슬러)그룹은 전기차 구매 전용 사이트를 내연기관 차종에도 적용하는 것을 검토 중이다. 소비자들이 온라인 구매 절차에 익숙하지 않아 속도를 조절하는 동시에 급감한 판매량을 회복하기 위한 온라인 홍보를 강화한다는 방침이다.스위스 ‘제네바 모터쇼’가 취소되면서 신차 공개 장소가 온라인으로 이동한 것도 같은 맥락이다. 주최 측은 ‘버추얼 프레스데이’(Virtual Press-day)‘ 사이트를 통해 글로벌 자동차 업체들이 출품한 모델을 공개했다. 이어 메르세데스-벤츠 등 프리미엄 브랜드들은 미디어 웹사이트에서 신차를 발표하며 프리미어 이벤트의 아쉬움을 달랬다.온라인 판매·홍보 효과는 국내에서 입증되고 있다. BMW코리아가 지난달 20일 온라인으로 판매한 ‘M5 컴페티션 35주년 에디션’은 1억6900만원이란 높은 가격에도 2주도 되지 않아 15대가 팔렸다. 르노삼성차 신차 ‘XM3’가 12일 만에 기록한 사전 계약 대수 5500대의 21.3%도 온라인 물량이었다.이호근 대덕대학교 자동차공학과 교수는 “온라인 판매 효과가 입증되면서 코로나19 확산세가 심각한 국가를 중심으로 비대면 서비스가 확대하는 추세”이라며 “오프라인 시장이 위축되면서 홈쇼핑 등 이벤트성으로 진행됐던 자동차 판매가 앞으로는 다양한 방식으로 도입될 것”이라고 내다봤다.지프 '어드벤처 데이즈' 비대면 구매. [FCA코리아 제공]국내·수입 업체의 온라인 전략도 강화되고 있다. FCA코리아의 SUV 브랜드 지프와 재규어랜드로버코리아는 비대면 구매를 위한 웹페이지를 개설했고, 폭스바겐코리아는 비대면 금융 서비스 앱인 ‘브이-클릭’을 도입했다. 쌍용차는 3월 한달간 온라인을 통해 사전 상담을 한 뒤 구매하는 고객에 1.5%의 추가할인 혜택을 제공한다.이항구 산업연구원 선임연구위원은 “자동차가 고가의 소비재인 데다 판매 노동조합 등 현실적인 난관으로 온라인 판매의 성장성을 논하기에는 이르지만 현재 전기차를 비롯해 내연기관의 온라인 서비스가 코로나19라는 변수로 확장되면서 시장의 판도 역시 빠르게 변화할 것”이라고 분석했다.▶헤럴드 ‘팩트체커’ 진실은 바로 이것▶코로나19 현황보기 ▶선별진료소 확인 - Copyrights ⓒ 헤럴드경제 & heraldbiz.com, 무단 전재 및 재배포 금지 -
	
	"
"2020.03.13","https://news.naver.com/main/read.nhn?mode=LSD&mid=sec&sid1=101&oid=016&aid=0001648094","현대자동차","‘팬데믹’ 車업계, 온라인서 생존전략","
	
	



() {}
中지리차, 온라인 車 배달 서비스폭스바겐은 e 판매 플랫폼 개발모터쇼 취소…신차도 온라인 공개비대면 판매·서비스 증가 전망#. 중국 자동차 제조업체 지리(Geely)자동차가 온라인에서 자동차를 구매해 집까지 배달하는 서비스를 도입했다. 중국 내 신종 코로나바이러스 감염증(코로나19) 확산 이후 급감한 판매량을 늘리기 위한 전략이다.#. 현대자동차는 오는 18일 미국 로스앤젤레스에서 열리는 ‘올 뉴 아반떼’ 월드 프리미어 이벤트를 온라인으로 생중계한다. 국가별 출시행사가 불확실한 상황에서 제네시스 G80, 기아차 쏘렌토 등 신차의 온라인 이벤트도 검토 중이다.세계보건기구(WHO)의 코로나19 ‘팬데믹(세게적 대유행)’ 선언 이후 글로벌 자동차 업계가 온라인에서 생존전략을 다시 짜고 있다. 모터쇼나 출시행사 개최가 어려운 상황에서 대면 서비스 중심의 관행을 벗어나 신차 효과를 극대화하기 위한 고육지책으로 해석된다. 13일 업계에 따르면 독일의 폭스바겐그룹은 서비스 업체 디코니움(Diconium)을 인수해 글로벌 온라인 판매 플랫폼을 강화하고 있다. 온라인 플랫폼 개발은 오래 전부터 진행된 프로젝트지만, 장기화하는 코로나19 사태로 속도가 빨라졌다. 약 900명의 전문가를 채용하는 한편, 방대한 자료를 관리하기 위한 클라우드 부문의 투자도 이뤄졌다.미국 FCA(피아트크라이슬러)그룹은 전기차 구매 전용 사이트를 내연기관 차종에도 적용하는 것을 검토 중이다. 소비자들이 온라인 구매 절차에 익숙하지 않아 속도를 조절하는 동시에 급감한 판매량을 회복하기 위한 온라인 홍보를 강화한다는 방침이다.스위스 ‘제네바 모터쇼’가 취소되면서 신차 공개 장소가 온라인으로 이동한 것도 같은 맥락이다. 주최 측은 ‘버추얼 프레스데이’(Virtual Press-day)‘ 사이트를 통해 글로벌 자동차 업체들이 출품한 모델을 공개했다. 이어 메르세데스-벤츠 등 프리미엄 브랜드들은 미디어 웹사이트에서 신차를 발표하며 프리미어 이벤트의 아쉬움을 달랬다. 온라인 판매·홍보 효과는 국내에서 입증되고 있다. BMW코리아가 지난달 20일 온라인으로 판매한 ‘M5 컴페티션 35주년 에디션’은 1억6900만원이란 높은 가격에도 2주도 되지 않아 15대가 팔렸다. 르노삼성차 신차 ‘XM3’가 12일 만에 기록한 사전 계약 대수 5500대의 21.3%도 온라인 물량이었다.이호근 대덕대학교 자동차공학과 교수는 “온라인 판매 효과가 입증되면서 코로나19 확산세가 심각한 국가를 중심으로 비대면 서비스가 확대하는 추세”이라며 “오프라인 시장이 위축되면서 홈쇼핑 등 이벤트성으로 진행됐던 자동차 판매가 앞으로는 다양한 방식으로 도입될 것”이라고 내다봤다.국내·수입 업체의 온라인 전략도 강화되고 있다. FCA코리아의 SUV 브랜드 지프와 재규어랜드로버코리아는 비대면 구매를 위한 웹페이지를 개설했고, 폭스바겐코리아는 비대면 금융 서비스 앱인 ‘브이-클릭’을 도입했다. 쌍용차는 3월 한달간 온라인을 통해 사전 상담을 한 뒤 구매하는 고객에 1.5%의 추가할인 혜택을 제공한다.이항구 산업연구원 선임연구위원은 “자동차가 고가의 소비재인 데다 판매 노동조합 등 현실적인 난관으로 온라인 판매의 성장성을 논하기에는 이르지만 현재 내연기관의 온라인 서비스가 코로나19라는 변수로 확장되면서 시장의 판도 역시 빠르게 변화할 것”이라고 분석했다. 정찬수 기자▶헤럴드 ‘팩트체커’ 진실은 바로 이것▶코로나19 현황보기 ▶선별진료소 확인 - Copyrights ⓒ 헤럴드경제 & heraldbiz.com, 무단 전재 및 재배포 금지 -
	
	"
"2020.03.13","https://news.naver.com/main/read.nhn?mode=LSD&mid=sec&sid1=101&oid=031&aid=0000529492","현대자동차","현대차 제네시스 3형제 美서 이유 있는 질주","
	
	



() {}
정몽구·정의선의 품질경영 결실…美서 '최고 안전한 차'[아이뉴스24 이연춘 기자] 현대자동차의 고급 차 브랜드 제네시스가 출범 4년 만에 글로벌 판매 30만대를 돌파한 가운데 G90가 미국에서 실시한 충돌 평가에서 '최고 안전한 차'에 이름을 올렸다.이로써 G70, G80에 이어 G90까지 '제네시스 3형제' 모두 최고 안전한 차로 선정되는 영예를 안았다.정몽구 회장과 정의선 수석부회장의 품질에 대한 집념이 맺은 결실이라고 업계 전문가들은 평가했다. 정 회장은 1999년 회장 취임 직후 ‘품질 경영’을 최우선 과제로 제시했다. 품질총괄본부를 구성해 매달 품질 관련 회의를 열었다. 2011년에는 ‘품질 안정화’를 넘어 ‘품질 고급화’를 이뤄야 한다고 주문했다.제네시스 G90. 13일 업계에 따르면 제네시스 브랜드는 미국 고속도로 안전보험협회(IIHS)가 발표한 충돌 평가에서 가장 안전한 차량에 부여하는 '톱 세이프티 픽 플러스'에 G90가 선정됐다. 앞서 지난 2월에는 G70와 G80가 톱 세이프티 픽 플러스 등급을 받은 바 있다.IIHS는 1959년 설립된 비영리단체다. 매년 출시된 수 백대 차량의 충돌 안정성능과 충돌 예방성능을 종합적으로 평가해 결과를 발표한다. 그 가운데 최고 안전성을 나타낸 차량에는 톱 세이프티 픽 플러스 등급이 매겨진다.제네시스 브랜드 관계자는 ""제네시스는 다양한 위험 상황에서 탑승자를 안전하게 지키기 위해 전 모델에 전방 충돌방지 보조, 차로 이탈방지 보조, 고속도로 주행 보조 등 첨단 안전 및 편의 사양을 기본 장착했다""며 ""앞으로도 고객의 안전을 위해 최선을 다할 것""이라고 말했다.여기에 정 수석부회장의 야심작인 제네시스의 첫 SUV 'GV80'도 미국시장에서 제네시스 흥행에 힘을 보태는 모양새다. 출시 직후부터 흥행 돌풍을 예고하고 있다. 지난 1월28일 미국에서 첫 선을 보인 후 6천대 이상의 계약을 기록하고 있다.마크 델 로소 제네시스 북미담당 최고경영자(CEO)는 지난 4일 제네시스 미국 법인의 판매량 보도자료를 통해 “GV80으로 사전계약에서 6천대 이상을 주문받았다”며 제네시스 실적 상승을 자신했다.일각에선 정 수석부회장의 과감한 투자와 전폭적인 지원으로 만든 '디자인 경영'이 결실을 맺고 있다는 분석을 내놓는다. 2006년 정 부회장이 기아자동차 사장 시절 영입했던 피터 슈라이어를 선봉으로 이어진 해외 디자인 거장 영입은 현대·기아차의 디자인부문을 세계 최고로 끌어 올려놓았다는 평가를 받고 있다. 최근 해외 유명 디자인 상을 싹쓸이 하며 정 수석부회장의 경영성과가 한층 더 빛나고 있다.해외 자동체 매체에서도 제네시스에 대한 호평도 연이어 쏟아지고 있다. GV80에서 시작된 제네시스의 새로운 디자인 정체성을 확립하고, 세단만의 개성을 잘 표현했다는 내용이 주를 이뤘다.제네시스의 3세대 더 올 뉴 G80의 디자인이 공개되고, 해외 자동차 언론 매체와 소비자들의 호평이 쏟아지고 있다. 앞서 지난 5일 제네시스는 3세대 G80의 디자인을 처음으로 공개했다. 디자인 공개와 동시에 G80의 주요 시장인 미국의 언론 매체에서 다양한 반응을 보이고 있다.미국의 유명 자동차 전문 매체 '카앤드라이버'는 3세대 G80의 전면부 디자인에 주목했다. 카앤드라이버는 ""신형 G80는 제네시스 브랜드의 특징인 오각형 그릴과 헤드램프를 결합한 과감한 스타일을 바탕으로 럭셔리 시장을 공략할 것으로 보인다""라는 의견을 내놨다.미국 자동차 전문 매체 '오토블로그'도 전면부 디자인에 주목하며 ""신형 G80는 GV80에 먼저 적용된 디자인 정체성을 더해 완전히 새로운 모습으로 거듭났다""며 ""무엇보다 제네시스 앰블럼을 형상화 한 크레스트 그릴과 측면으로 길게 이어지는 쿼드램프가 눈에 띈다""고 평가했다.미국에서 권위 있는 자동차 매체인 '모터트렌드'는 G80의 측면 디자인에 대해 ""옆모습은 G90를 연상시킨다""며 ""하지만 좀 더 짧은 차체로 인해 어깨선이 보다 잘 드러난다. 새로운 패스트백 디자인 또한 잘 어울린다""라고 말했다.미국의 유명 자동차 매체인 '로드앤트랙'은 G80의 전반적인 디자인을 두고 “신형 G80는 제네시스 브랜드의 새롭고 멋진 디자인 언어를 통해 BMW 5시리즈, 아우디 A6, 메르세데스-벤츠 E-클래스 등과 경쟁하려 한다”고 평가했다.이연춘기자 staykit@inews24.com▶네이버 채널에서 '아이뉴스24'를 구독해주세요.▶홍성택과 함께하는 희망찾기 등산·트레킹 교실 ▶아이뉴스24 바로가기[ⓒ 아이뉴스24 무단전재 및 재배포 금지]"
"2020.03.13","https://news.naver.com/main/read.nhn?mode=LSD&mid=sec&sid1=101&oid=023&aid=0003514582","현대자동차","빈 공장 돌리는 소리만 요란한 중국… 자동차 가동률 30%, 아이폰 50%","
	
	



() {}
공장 재가동 한달 지났지만… 웃돈 줘도 직원들 복귀 안하고 부품·원자재 수급 여전히 차질 의류업체는 봄 장사 아예 접어지난 10일 시진핑 중국 국가주석은 우한 코로나 바이러스 사태 이후 처음으로 바이러스 진원지로 꼽히는 후베이(湖北)성 우한(武漢)을 찾았다. 중국 관영 언론은 중국 내 바이러스 확산세가 잦아들었고 사태 해결에 대한 자신감을 보여줬다고 평가했다. 그러나 공장 가동률은 이 같은 자신감과는 다르다. 우한 코로나 사태로 멈춰 섰던 중국 공장은 재가동에 들어간 지 한 달이 지났지만 제대로 돌아가지 못하고 있는 것이다. 중국 정부의 이동 제한과 봉쇄 조치로 공장을 돌릴 직원이 턱없이 부족한 데다, 부품·원자재 수급까지 차질을 빚고 있기 때문이다. 우한 코로나 사태로 촉발된 세계 공급망 붕괴가 복구되려면 아직 많은 시간이 남은 것이다.◇현대차·GM 등 차 공장 가동률 30%일본 니혼게이자이신문은 지난 11일 ""중국 내 제조 공장 10곳 중 8곳가량이 다시 문을 열었지만 일손이 부족해 실제 가동률은 평소 절반 수준""이라며 ""공장 풀가동까지는 상당한 시간이 걸릴 전망""이라고 보도했다. 중국에서 공장을 운영 중인 한 중소업체 관계자는 ""중국 일부 성(省)이나 지방 도시에서는 불황을 감추기 위해 빈 공장을 돌리는 경우가 있다""고 말했다.쓰레기차로 배달된 돼지고기… 우한 시민들 ‘발칵’ - 지난 11일 오후 중국 후베이성 우한시 칭산(靑山)구의 한 아파트 단지 입구에서 쓰레기차가 비닐에 포장된 돼지고기를 쏟아붓고 있다. 중국 관영 환구시보 등 현지 언론에 따르면 우한 코로나 사태로 도시 전체가 봉쇄된 우한 시민들은 아파트 단위로 고기·채소 등을 공동구매해왔다. 하지만 이날 구청이 공동구매한 돼지고기를 쓰레기차로 운반한 것이 알려지면서 논란이 됐고, 담당 공무원 2명이 면직됐다. /웨이보 캡처생산 회복이 가장 더딘 분야는 자동차 업계다. 복수의 외신에 따르면 현대자동차·도요타·GM 등 16개 글로벌 기업은 지난달 10일 전후로 중국 내 주요 생산 거점의 84%를 재가동했다. 하지만 이 공장들의 평균 가동률은 약 30%인 것으로 알려졌다. 근로자 복귀율이 60%밖에 안 되고, 서플라이체인(공급망) 붕괴로 부품 공급도 여의치 않기 때문이다. 업계 관계자는 ""상당수 공장이 2교대도 제대로 못 돌리고 있다""며 ""여기에 와이어링 하네스(전선 뭉치) 등 핵심 부품 재고를 미리 확보하지 못한 것도 가동률이 떨어지는 원인""이라고 말했다.스마트폰 생산도 회복이 느리다. 애플 아이폰을 위탁 생산하는 대만 폭스콘은 현재 공장 가동률이 50%대인 것으로 알려졌다. 복직하는 직원에게 최대 7000위안(약 120만원)의 보너스를 주겠다고 했지만 감염 우려로 직원 절반가량이 복귀하지 않고 있다. 중국신식통신연구원에 따르면 지난달 애플의 중국 내 아이폰 출하량은 49만4000대로 지난해 같은 기간(127만대) 대비 61% 감소했다.공장 재가동을 미루거나 포기한 경우도 있다. 외신에 따르면 중국 최대 의류 산업단지 상하이에 있는 의류업체의 근로자 복귀율은 50%, 선전·광저우는 각각 30%대인 것으로 알려졌다. 정상 가동이 사실상 어렵다. 업계 관계자는 ""일부 패스트패션 업체는 봄 장사는 접고 가을 시즌을 대비하고 있다""고 말했다.기업들은 인력난으로 현지에서 임시 대체 직원 채용에 나서고 있지만 이마저도 쉽지 않다. LG디스플레이는 지난달 중순 옌타이 등 2곳의 LCD 패널 공장을 재가동하며 현지 인력 사무소에 채용 수수료를 주고 직원을 뽑았다. 하지만 공장 가동률은 평소 대비 80%에 머물러 있다.◇사태 장기화 대비하는 기업들공장 정상화에 성공한 기업들에도 새로운 난관이 생겼다. 코로나 사태 장기화로 중국 소비 시장이 둔화되고 있는 데다, 미국·유럽으로까지 코로나 바이러스가 확산되면서 글로벌 경기가 위축될 가능성이 커졌기 때문이다. 최대 생산 기지인 중국 공장을 정상화해도 시장 수요가 사라지면 또다시 가동을 줄여야 할 수 있다. 삼성전자는 중국에서 생산하는 반도체·TV 물량 대부분을 중국 내수 시장에 공급하고, LG전자는 중국 공장에서 만드는 TV·가전 상당수를 북미와 유럽 등 해외 시장에 수출한다. 업계 관계자는 ""사태 장기화를 각오하고 대비하고 있다""고 말했다.중소·영세업체 타격은 더 크다. 중국 내 1800만개 중소업체 중 현재 45%만 공장 문을 다시 연 것으로 알려졌다. 한 중소 업체 관계자는 ""대기업은 재고를 쌓아두면 되지만 중소업체는 하루 만들어 바로 납품하는 경우가 많아 공급처가 안정적으로 확보되지 않으면 공장 운영이 쉽지 않다""고 말했다.[최인준 기자 pen@chosun.com]		[네이버 메인에서 조선일보 받아보기]		[조선닷컴 바로가기]		[조선일보 구독신청하기] 	- Copyrights ⓒ 조선일보 & chosun.com, 무단 전재 및 재배포 금지 -"
"2020.03.13","https://news.naver.com/main/read.nhn?mode=LSD&mid=sec&sid1=101&oid=025&aid=0002983583","현대자동차","코로나가 ‘춘투’ 밀어냈다, 초고속 임금협상·파업 자제","
	
	



() {}
현대차 등 분규 잦았던 자동차업계“합심해 위기 넘자” 노사교섭 단축현대중 “코로나가 먼저” 현안 미뤄양대 노총도 노사 상생 협력키로매년 연례행사처럼 치러지던 춘투(春鬪·봄철 노사분규)가 거의 사라질 조짐이다. 신종 코로나바이러스 감염증(코로나19) 여파로 경기가 추락하면서 노·사 모두 ‘코로나 극복’에 나서면서다.     경기 하락에 따른 기업들의 실적 부진도 영향을 미쳤다. 자동차·조선·기계 등 ‘중후장대’ 산업의 경우 실적 개선은커녕 사업장 폐쇄를 걱정해야 할 처지다. 이런 상황에서 주요 대기업 노조들도 강경 일변도 투쟁 대신 ‘일자리 지키기’를 최우선 목표로 삼고 나선 분위기다.     르노삼성차 노사는 12일 임금 및 단체협약 협상에 돌입했다. 타결에 이르진 못했지만, 코로나19 사태의 심각성과 ‘XM3’의 성공적인 출시를 위해 당분간 단체행동을 자제하기로 했다. 노조 집행부가 추진하던 민주노총 가입도 미루고 임금협상에 집중하기로 한 것으로 전해졌다. 내부 비판이 거셌기 때문이다. 노조는 회사의 명운이 걸리다시피 한 XM3 성공에 집중하고 임단협을 조속히 마무리 짓겠다는 태세다. XM3 유럽 수출 물량을 확보하지 못하면 노사 모두 공멸한다는 위기의식이 작용했다. 집행부가 추진하겠다는 민주노총 가입에 대해 대의원 절반 이상이 반대 의사를 가진 것으로 알려졌다.     현대자동차 노사는 올해 임금협상 교섭 기간을 단축하며 “노사 간 불필요한 소모를 줄이고 협력사 수급에도 안정감을 높이겠다”고 밝혔다. 지난달 25일 특별 합의를 통해 코로나19 확산에 따른 상황의 심각성을 공동 인식하고, 철저한 비상대응 체계 구축 등으로 추가 확산 방지에 만전을 기하기로 했다.     지난해 임금협상 과정에서 파업 등 극심한 갈등을 빚었던 한국GM도 최근 임금협상 단체교섭을 재개했다. 한국GM 노사가 교섭을 재개한 것은 지난해 10월 노조의 교섭 중단 선언 이후 5개월여 만이다.     쌍용차 노사는 유급 휴직 중인 해고 복직자들을 5월 1일부로 부서 배치키로 합의했다. 쌍용차는 지난해 12월 전 직원 임금 및 상여금 반납, 사무직 순환 안식년제(유급휴직) 시행 등 고강도 경영 쇄신책을 추진해왔다.     자동차 업체만 그런 게 아니다. 현대중공업 노조도 최근 노조 소식지에서 “임단협 등 풀어야 할 현안이 산적해 있지만 코로나19가 더 큰 사태로 번지는 것을 막아야 한다는 게 집행부의 냉정한 판단”이라고 적었다.     오는 6~7월 총파업을 포함해 코로나19 영향은 노동계가 주요 집회를 여는 여름철 하투(夏鬪)까지 계속될 것으로 보인다. 춘투부터 투쟁 동력이 떨어져 예년 같지 않을 것이라는 관측이다.     한국노총은 지난 6일 ‘코로나19 확산 위기 극복을 위한 노사정 합의 선언문’ 발표에 참여해 당분간 대규모 파업 등의 집회를 자제하고 임금·단체 교섭 시기 조정에 나서겠다고 밝혔다. 선언문에는 “(노동계는) 당분간 대규모 파업 등 집회를 자제하고 임금·단체 교섭 시기와 기간을 탄력적으로 조정한다”는 문구가 담겼다.     민주노총은 선언에 참여하지 않았다. 하지만 당초 10일로 예정했던 총파업을 유보했으며, 각 산별노조에 대규모 집회를 자제하라는 공문을 보내기도 했다.     한편 국내 완성차 업체 노조는 코로나19 변수 이외에도 전기차·환경규제 등으로 자동차 업계의 지각변동이 불가피하다는 전망에 따라 노조도 생존을 위해 온건 노선을 택하는 분위기다. 이항구 산업연구원 선임연구위원은 “일본 도요타 본사가 이번에 기본급을 동결했다”며 “그만큼 코로나19에 대한 글로벌 기업 노사의 긴장감이 크다는 것”이라고 말했다. 이어 “현대차의 경우 노사가 미래 차로 방향을 전환하기로 합의한 만큼 회사도 투자를 많이 하고 당분간 노사 관계가 원만할 것으로 전망된다”고 덧붙였다.     박성우 기자 blast@joongang.co.kr  ▶ 코로나19, 마스크로 예방 가능?▶ 내 돈 관리는 '그게머니' / 중앙일보 가기ⓒ중앙일보(https://joongang.co.kr), 무단 전재 및 재배포 금지
	
	"
"2020.03.13","https://news.naver.com/main/read.nhn?mode=LSD&mid=sec&sid1=102&oid=028&aid=0002489162","현대자동차","이재용 쪽 “삼성 준법감시위를 감형 사유로 고려해달라”","
	
	



() {}
변호인단, 재판부에 의견서 제출국내외 사례 6가지 들었으나대부분 업무 관련 기업범죄 사례‘사익 추구 사건’과 달라한겨레_그래픽 김지야이재용 삼성전자 부회장 쪽이 뇌물공여 파기환송심 재판부에 “삼성 준법감시위원회를 이 부회장의 형량 감경 사유로 고려해야 한다”는 취지의 의견서를 제출한 것으로 나타났다. 재판부가 ‘준법감시위를 양형 사유로 삼겠다’는 뜻을 밝혀 불공정 재판 논란이 이는 가운데, 이 부회장 쪽도 준법감시위를 근거로 ‘감형’을 본격 요구하고 나서 논란이 커질 것으로 보인다.12일 <한겨레> 취재 결과, 이 부회장 변호인단은 지난달 27일 이 부회장의 파기환송심을 맡은 서울고법 형사1부(재판장 정준영)에 20~30쪽 의견서 두 건을 제출했다. 의견서는 국내외 법 제도와 실제 사례 등을 들면서 준법감시위가 이 부회장의 감형 사유가 되어야 한다는 내용이 담겼다. 이 의견서는 지난달 6일 “준법감시제도 취지는 무엇인지, 삼성의 준법감시제도가 피고인의 양형 사유에 해당하는지 밝혀달라”는 재판부 요구에 따른 것이다. 삼성 준법감시위원회 위원장인 김지형 법무법인 지평 대표변호사가 지난 1월9일 서울 서대문구 사무실에서 기자간담회를 열고 있다. 백소아 기자 thanks@hani.co.kr이 부회장 쪽은 의견서에서 우리나라의 경우 기업이 준법감시제도를 구축하고 운영할 유인이 부족하다면서, 기업에 충분한 동기를 부여하려면 ‘형의 감경을 포함한 인센티브’가 있어야 한다고 주장했다. 특히 준법감시제도는 최고경영진의 의지와 결단이 필요하다는 점을 강조하면서 준법감시제도 설치 및 운영에 따른 인센티브가 경영진 개인에게도 주어져야 한다고 밝혔다. 삼성그룹 총수로서 실효적인 준법감시위 설치를 주도한 이 부회장에 대한 ‘감형’이 필요하다는 점을 노골적으로 드러낸 것이다. 삼성은 지난해 재판부의 요구에 따라 준법감시위를 설치해 운영하고 있다.이 부회장 쪽은 준법감시제도 등이 기업이 아닌 경영자 개인의 양형 사유로 적용된 국내외 사례 6가지를 제시한 것으로 전해졌다. 현대자동차그룹 회장의 계열사 부당지원 사건, 벤츠코리아의 배출가스 인증 관련 사건, 이수화학의 가스방출 사건 등이다. 학계와 법조계를 중심으로 재판부가 언급한 미국 연방 양형기준 제8장이 경영자 개인이 아닌 기업에 적용된다는 지적이 나오자, 이를 인정하면서도 개인이 피고인인 사건에도 ‘재발방지 노력’을 주요 양형 사유로 고려한 사례를 찾아 제시한 것이다. 하지만 삼성이 든 사례 대부분은 기업의 업무 추진 과정에서 발생한 기업범죄로, 총수 일가의 사익 추구를 도모한 이 부회장의 사건과는 결이 다르다.이 부회장 쪽은 ‘재판부가 입장을 번복했다’는 특검 쪽 주장을 정면 반박하기도 했다. 지난해 10월 첫 재판 때 재판장인 정준영 부장판사는 준법감시위가 재판 결과와 무관하다고 했지만, 그 뒤 재판에서 그 실효성을 점검해 양형에 참작하겠다는 취지로 입장을 번복했다. 이에 대해 이 부회장 쪽은 ‘특검이 재판부 발언을 오해한 것에 불과하며 애초 재판장이 양형 사유의 심리 범위를 제한한 적이 없다’고 주장했다. 준법감시위를 양형 사유로 고려하는 데 아무런 문제가 없다는 취지다.이는 준법감시위가 이 부회장의 감형 수단으로 비치는 것을 우려하면서 관련 조치를 요구한 준법감시위의 입장과도 다르다. 준법감시위는 지난 11일 이 부회장에게 불법 경영권 승계에 대한 대국민 사과를 권고하면서 “위원회 활동과 총수 형사재판 관련성 논란과 관련해 우리 사회 일각에서 제기되는 위원회의 역할에 대한 회의적인 시각을 불식할 필요가 있다”며 이에 대한 조치를 요구한 바 있다.고한솔 기자 sol@hani.co.kr▶네이버에서 한겨레 구독하기▶신문 구독신청▶삐딱한 뉴스 B딱[ⓒ한겨레신문 : 무단전재 및 재배포 금지]"
"2020.03.13","https://news.naver.com/main/read.nhn?mode=LSD&mid=sec&sid1=102&oid=018&aid=0004596954","현대자동차","이재용 변호인단 ""준법감시위, 양형 반영해달라""…재판부 의견서 제출","
	
	



() {}
변호인단 ""당연히 양형 심리 대상 될 수 있어""준법감시제도 양형 반영한 사건 판례들도 제시경실련, 변협에 준법감시위 참여 김지형 전 대법관 징계 요구[이데일리 남궁민관 기자] 국정농단 사건에 연루돼 파기환송심 재판을 받고 있는 이재용 삼성전자 부회장 측이 삼성 준법감시위원회를 양형 심리에 반영해 달라며 최근 재판부에 의견서를 제출한 것으로 알려졌다. 13일 법조계에 따르면 이 부회장 측 변호인단은 지난달 27일 이 부회장 파기환송심을 심리 중인 서울고법 형사1부(재판장 정준영)에 이같은 내용을 담은 의견서 2건을 제출했다. 재판부가 지난달 6일 당초 14일 예정됐던 공판준비기일을 연기하면서 의견서를 제출하라고 요청한 데 따른 것이다. 재판부는 구체적으로 이 부회장 측에 △준법감시제도 취지에 대한 의견 △준법감시제도의 양형 사유 해당 여부 및 그 이유 △박영수 특별검사팀(이하 특검)이 준법감시위원회를 점검할 전문 심리위원 제도를 반대하는 데에 대한 반론 등 의견을 내달라고 요청했다.이재용 삼성전자 부회장이 지난 1월 17일 오후 서울 서초구 서울고등법원에서 열린 국정농단 사건 파기환송심 속행 공판에 출석하기 위해 법정으로 향하고 있다.(사진=연합뉴스)재판부의 요청 취지에 따라 이 부회장 측은 준법감시위원회 등 내부 준법감시제도가 충분히 양형 심리에 반영될 수 있다는 의견을 냈다. 이 부회장 측 변호인단 이인재 법무법인 태평양 변호사는 “준법감시위원회는 진지한 반성, 범행 후 정황 등과 같은 데 해당되는 것으로 당연히 양형 심리의 대상이 될 수 있다는 게 이번 의견서의 골자”라며 “앞서 재판부에서 요구한 것에 대한 답변”이라고 설명했다.이와 함께 이 부회장 측은 준법감시제도 자체가 양형에 유리하게 반영된 현대자동차그룹 계열사 부당지원 사건, 벤츠코리아의 배출가스 인증 위반 사건 등 판례 6건을 함께 제시한 것으로 알려졌다.앞서 재판부는 `미국 연방양형기준 제8장`을 근거로 이 부회장 측에 내부 준법감시제도를 마련할 것을 주문한 바 있다. 특검은 미국 연방양형기준 제8장은 기업에만 적용되는 기준이라며, 이번 사건은 기업 범죄가 아니라 승계 작업을 위한 이 부회장 개인 범죄인만큼 준법감시위원회 설치를 양형 심리에 반영하는 것은 부당하다고 반발했다. 한편 경제정의실천시민연합(경실련)은 이날 오전 서울 서초구 대한변호사협회 앞에거 기자회견을 열고 준법감시위원회 위원장 및 위원으로 참여하고 있는 김지형 전 대법관과 봉욱 전 대검찰청 차장검사에 대한 징계 처분을 촉구했다. 경실련은 “준법감시위원회가 이 부회장의 양형을 위한 창구로 활용되고 있다고 판단하고 있다”며 “김 전 대법관과 봉 전 차장검사 등 퇴임 법조인들이 형사재판 관여 행위로 사법에 대한 신뢰를 훼손하고 있다”고 주장했다. 특검이 “일관성을 잃은 채 편향적인 재판을 진행하고 있다”며 지난달 24일 법원에 낸 재판부 기피 신청 사건은 서울고법 형사3부(재판장 배준현)에 배당돼 심리 중이다.남궁민관 (kunggija@edaily.co.kr)벤츠 시승하고 차량용 무선충전기 받기▶네이버에서 ‘이데일리’ 구독하기▶ | 청춘뉘우스~ 스냅타임▶＜ⓒ종합 경제정보 미디어 이데일리 - 무단전재 & 재배포 금지＞
	
	"
"2020.03.13","https://news.naver.com/main/read.nhn?mode=LSD&mid=sec&sid1=102&oid=052&aid=0001414045","현대자동차","이재용 변호인단 ""준법감시위, 양형에 고려 안 할 이유 없어""...의견서 제출","
	
	



() {}

	
	국정농단 사건으로 파기환송심 재판을 받고 있는 이재용 삼성 부회장 측이 재판부에 삼성이 도입한 준법감시위원회 제도를 양형에 고려해달라는 내용의 의견서를 제출했습니다.이 부회장 측 변호인단은 의견서에서 재판부가 명시적으로 준법감시제도 운영 여부 등을 양형 사유에 포함하지 않겠다고 말한 적이 없다며, 재판부가 말을 바꿨다는 특검 주장을 반박했습니다.또 현대자동차 계열사 부당지원 사건과 BMW코리아 배출가스 조작 사건 등 6개 사건 판결에서도 준법감시제도 등이 양형 사유에 적용된 바 있다고 주장했습니다.앞서 특검은 재판부가 당초 준법감시제도를 언급하며 재판 진행이나 결과에 반영하지 않겠다고 해놓고, 뒤늦게 말을 바꿔 양형 사유로 고려하는 등 재판을 편향적으로 진행한다며 기피 신청을 냈습니다.특히 이 부회장 사건은 기업 범죄가 아니라 승계작업을 위한 개인 범죄인 만큼 피해자에 해당하는 삼성전자가 준법감시위를 설치하는 게 가해자인 이 부회장의 감경사유가 될 수는 없다고 강조했습니다.서울고법 형사3부가 특검의 기피신청 인용 여부를 심리하고 있는 가운데 결론이 나기 전까지 이 부회장에 대한 국정농단 사건 파기환송심 재판은 중단된 상태입니다.※ '당신의 제보가 뉴스가 됩니다' YTN은 여러분의 소중한 제보를 기다립니다.[카카오톡] YTN을 검색해 채널 추가 [전화] 02-398-8585 [메일] social@ytn.co.kr [온라인 제보] www.ytn.co.kr ▶ 이 시각 코로나19 확진자 현황을 YTN에서 확인하세요.  ▶ 대한민국 24시간 뉴스 채널 YTN 생방송보기  ▶ 네이버에서 YTN 뉴스 채널 구독하기 [저작권자(c) YTN & YTN PLUS 무단전재 및 재배포 금지]
	
	"
"2020.03.13","https://news.naver.com/main/read.nhn?mode=LSD&mid=sec&sid1=101&oid=001&aid=0011470153","현대자동차","정부 ""위기에 준하는 엄중 인식…필요시 시장안정조치""","
	
	



() {}

	
	""경제의 부정적 파급효과·금융시장 변동성 상당기간 지속 우려""(세종=연합뉴스) 이 율 기자 = 정부는 13일 신종 코로나바이러스 감염증(코로나19) 사태에 대해 위기에 준하는 엄중한 인식을 갖고, 필요시 시장안정조치를 신속하고 단호하게 시행하겠다고 강조했다.김용범 기획재정부 1차관[기획재정부 제공. 재판매 및 DB 금지] [연합뉴스 자료사진]김용범 기획재정부 1차관은 이날 국내외 금융시장 불안이 고조됨에 따라 민간전문가 간담회를 열고 이같이 밝혔다.     김 차관은 ""최근의 급격한 금융시장 변동성 확대는 코로나19의 글로벌 확산과 이에 따른 실물경제에 심각한 영향에 대한 우려에 기인한다""면서 ""이런 우려가 금융시장에 선반영되면서 자산가치의 급격한 조정이 이뤄지고, 코로나19 감염에 대한 공포감과 투자심리의 위축이 금융시장 불안을 증폭시키고 있다""고 진단했다.    그는 ""글로벌 금융시장 충격이 지속될 경우 금융 시스템에 상당한 부담으로 작용할 우려도 배제하기 어렵다""면서 향후 코로나19의 전개 양상에 따라 경제의 부정적 파급효과와 금융시장의 변동성이 상당 기간 지속할 수 있다고 우려했다.    김 차관은 ""정부는 위기에 준하는 엄중한 인식을 갖고 금융 시스템의 부문별로 철저히 점검하고 있으며, 민간과 긴밀한 소통을 통해 필요시 시장안정조치를 신속하고 단호하게 시행하겠다""고 강조했다.    이날 간담회에는 HSBC증권, SSBT(스테이트 스트리트 은행), 삼성생명, 미래에셋대우증권, 국민은행, 삼성전자, 현대자동차, 수출입은행, 한국투자공사, 국제금융센터 관계자가 참석했다.    참석자들은 코로나19 사태가 경제와 금융에 심각한 영향을 미치고 있는 만큼, 이 사태의 극복을 위해 민간과 정부의 긴밀한 소통이 중요하다는 데 공감하면서 금융 분야별 영향과 애로 요인에 대해 의견을 교환했다고 기재부는 전했다.    yulsid@yna.co.kr▶ 코로나19 속보 확인은 네이버 연합뉴스에서 [구독 클릭]▶ 프리미엄 북한뉴스 [한반도&] 구독(클릭)▶제보하기"
"2020.03.13","https://news.naver.com/main/read.nhn?mode=LSD&mid=sec&sid1=101&oid=016&aid=0001648071","현대자동차","정부 ""경제 충격 상당기간 지속될 수도…위기 준하는 엄중 인식""","
	
	



() {}
기재차관, 민간 금융 전문가 긴급 소집김용범 기획재정부 차관 [기획재정부 제공][헤럴드경제=정경수 기자] 김용범 기획재정부 1차관은 13일 ""향후 신종 코로나바이러스 감염증(코로나19) 사태의 전개 양상에 따라 경제에 미칠 부정적 파급 효과와 금융 시장 변동성이 상당 기간 지속될 수도 있다""고 내다봤다.김용범 기획재정부 1차관은 13일 오전 서울 컨퍼런스센터 달개비에서 열린 민간 전문가들과의 간담회에서 이처럼 밝혔다.김 차관은 최근 금융시장의 변동성이 확대된 데 대해 ""코로나19의 글로벌 확산과 이에 따른 실물경제에 대한 심각한 영향에 대한 우려에 기인한다""며 ""우려가 금융시장에 선반영돼 자산가치의 급격한 조정이 이루어졌고, 코로나19 감염에 대한 공포감과 투자심리의 위축이 금융시장 불안을 증폭시키고 있다""고 진단했다.그는 ""정부는 위기에 준하는 엄중한 인식을 갖고 금융 시스템의 부문별로 철저히 점검하고 있으며, 민간과 긴밀한 소통을 통해 필요시 시장안정조치를 신속하고 단호하게 시행하겠다""고 강조했다.이날 간담회는 글로벌 주가가 급락하고 국채금리가 사상 최저치를 기록하는 등 국내외 금융 시장 불안이 고조된 데 따라 조찬을 겸해 열렸다. 민간에선 HSBC증권, 스테이트스트리트은행(SSBT), 삼성생명, 미래에셋대우증권, 국민은행, 삼성전자, 현대자동차, 수출입은행, 한국투자공사, 국제금융센터 등이 참석했다.kwater@heraldcorp.com▶헤럴드 ‘팩트체커’ 진실은 바로 이것▶코로나19 현황보기 ▶선별진료소 확인 - Copyrights ⓒ 헤럴드경제 & heraldbiz.com, 무단 전재 및 재배포 금지 -
	
	"
"2020.03.13","https://news.naver.com/main/read.nhn?mode=LSD&mid=sec&sid1=103&oid=421&aid=0004521408","현대자동차","기아차 화성공장, '코로나' 극복 헌혈캠페인에 1500여명 참여","
	
	



() {}
(한마음혈액원 제공)© 뉴스1(서울=뉴스1) 김민석 기자 = 현대자동차 노사가 '코로나19' 극복을 위한 단체 헌혈 캠페인을 진행 중인 가운데 기아차 화성공장도 릴레이 헌혈캠페인에 동참했다고 13일 밝혔다.기아자동차 화성공장은 한마음혈액원과 지난 2일부터 4일, 9일부터 13일까지 총 8일 동안 '코로나19 극복 릴레이 헌혈캠페인'을 진행했다.이번 헌혈캠페인은 화성공장 사업장 내 8대 헌혈버스에서 진행했다. 한마음혈액원은 ""약 1500여명의 임직원이 참여해 높은 호응을 보였다""며 ""기아차 화성공장은 매년 정기적으로 헌혈캠페인을 진행하면서 부족한 혈액 수급에 도움이 되고 있다""고 말했다.ideaed@news1.kr▶ 해피펫 ▶ 터닝 포인트 2020 구매!▶ 네이버 메인에서 [뉴스1] 구독하기!© 뉴스1코리아(news1.kr), 무단 전재 및 재배포 금지
	
	"
"2020.03.13","https://news.naver.com/main/read.nhn?mode=LSD&mid=sec&sid1=101&oid=020&aid=0003275001","현대자동차","만도, 생산직 희망퇴직-순환휴직 추진","
	
	



() {}
[코로나19 확산]2008년 한라그룹 재편입뒤 처음車부품업계 구조조정 신호탄될듯국내 주요 자동차 부품회사인 만도가 생산직 직원들의 희망퇴직과 순환휴직을 추진한다. 만도가 생산직 직원의 희망퇴직을 실시하는 건 2008년 한라그룹에 재편입된 뒤 처음이다.  12일 자동차 업계에 따르면 만도는 최근 ‘유휴인력 해소안’을 노동조합에 전달했다. 국내 생산직 2000여 명 전원을 대상으로 직급에 상관없이 자발적 희망퇴직을 실시하겠다는 내용이 담겼다. 90여 명이 근무 중인 강원 원주시 주물공장과 관련 사업 매각도 추진한다. 만도 측은 “희망퇴직은 강제가 아닌 자발적인 신청으로 진행될 것이다”라고 말했다. 만도는 현대모비스 등 현대자동차그룹 계열 부품사를 제외하면 매출 규모로 한온시스템에 이은 국내 2위 부품사다. 브레이크 같은 제동장치와 조향기기 등을 만든다. 지난해에는 매출 5조9818억 원, 영업이익 2185억 원을 올렸다. 지난해 글로벌 자동차 시장 침체로 비상경영체제로 들어가면서 임원을 20% 이상 줄이고 사무직에 대한 희망퇴직을 진행했다. 당시 정몽원 한라그룹 회장은 “필요하지 않은 자산 매각, 글로벌 라인 최적화, 재무 구조조정 등을 과감하게 단행할 것”이라고 밝힌 바 있다. 지난해 국내 완성차 시장은 2009년 이후 처음으로 생산량이 400만 대를 넘지 못하고 395만 대에 그쳤다. 올해에도 코로나19로 세계 최대 자동차 시장인 미국과 중국 자동차 시장 판매 전망이 녹록지 않은 상태다. 특히 만도는 현대차그룹 매출 의존도가 약 57%(2018년 기준) 수준으로 중국 완성차 시장 침체에 따라 동반 손실이 누적돼 왔다. 자동차 업계 관계자는 “자동차 부품사의 맏형 격인 만도마저 어렵다는 것은 나머지 중소 협력업체들은 한계상태에 왔다는 뜻”이라고 말했다.서형석 기자 skytree08@donga.com ▶ 네이버에서 [동아일보] 채널 구독하기▶ '동아 디지털 아카이브' 오픈 이벤트ⓒ 동아일보 & donga.com, 무단 전재 및 재배포 금지
	
	"
"2020.03.13","https://news.naver.com/main/read.nhn?mode=LSD&mid=sec&sid1=102&oid=003&aid=0009755429","현대자동차","경북 생활치료센터에 입원한 대구환자, 경북환자의 2.8배","
	
	



() {}
[안동=뉴시스] 지난 5일 경주 보문단지 농협 경주교육원 인근에 내걸린 현수막. (사진=뉴시스 DB) 2020.03.13[안동=뉴시스] 류상현 기자 = 신종 코로나바이러스 감염증(코로나19) 경증환자를 수용하는 경북도내 생활치료센터에 입원한 대구환자가 경북환자보다 2.8배인 것으로 나타났다.경북도에 따르면 13일 현재 도내 국가지정 생활치료센터로 지정된 6곳에 대구환자 1064명이 입소한 것으로 집계됐다.삼성인력개발원(영덕)에 209명, 농협 경주연수원(경주)에 203명, 한티 대구 대교구 피정의집(칠곡)에 68명, 대구은행 연수원(칠곡)에 34명, LG디스플레이 동락원(구미)에 289명, 현대자동차연수원(경주)에 261명 등이다.이는 경북의 생활치료센터에 있는 경북환자 382명의 2.8배다.이와 함께 감염병 전담병원인 영주적십자병원에도 119명, 상주적십자병원에도 164명의 대구환자들이 입원하고 있다.경북의 일부 생활치료센터 주변 주민들은 처음에는 환자수용을 반대했으나 지금은 환자를 격려하는 분위기로 바뀌었다.이철우 경북지사는 최근 브리핑에서 ""생활치료센터 방역 및 위생관리 등 안전한 운영 지원을 위해 도청과 시·군청 인력을 파견하고 관리는 전국 최고 수준으로 해 생활치료센터 운영의 모델이 되도록 하겠다""며 ""이웃의 고통을 함께 나누고 어려운 상황에서도 국가적 위기 극복을 위해 정부 방침을 적극 수용해 준 도민들게 감사드린다""고 밝힌 바 있다.☞공감언론 뉴시스 spring@newsis.com▶ K-Artprice 오픈! 미술작품 가격을 공개합니다▶ 뉴시스 빅데이터 MSI 주가시세표 바로가기 <ⓒ 공감언론 뉴시스통신사. 무단전재-재배포 금지>
	
	"
"2020.03.14","https://news.naver.com/main/read.nhn?mode=LSD&mid=sec&sid1=103&oid=018&aid=0004597214","현대자동차","車 업계, 브랜드 이미지 강화 위해 모델과 협업…현대차 BTS·케이카 정우성","
	
	



() {}
장기적 이용 상품 車…트렌드보다는 신뢰감이 중요기아차 블랙핑크·캐딜락 김동현 선수중고차 브랜드 케이카가 홍보대사로 배우 정우성씨를 선정했다. (사진=케이카 제공)[이데일리 송승현 기자] 자동차 업계가 연초 성수기를 맞아 브랜드 이미지 강화를 위해 빅(Big)모델 모시기에 힘쓰고 있다. 광고업계에서는 모델 선택이 곧 브랜드 이미지를 좌우할 수 있는 만큼 모델 선택에 신중해야 한다고 입을 모은다.14일 자동차 업계에 따르면 자동차 업계는 잠깐의 트랜드 반영하기보다는 신뢰감과 호감을 줄 수 있는 모델을 선택하는 경향이 깊은 것으로 나타났다. 자동차라는 상품 자체가 장기간 사용되면서 브랜드 이미지가 중요한 만큼 장기적인 신뢰도가 더 중요하기 때문이다.현대자동차(005380)는 지난해 자사의 대형 스포츠유틸리티차량(SUV) 팰리세이드 모델 홍보대사로 활동했던 방탄소년단(BTS)를 글로벌 브랜드 홍보대사로 격상하고 활동 범위를 확대했다.BTS가 국내를 넘어 글로벌 아이돌로 자리매김하면서 현대차 역시 세계 최고의 자동차 브랜드로 성장하겠다는 포부와 자신감을 전달하기 위한 것으로 풀이된다. 현대차가 차세대 자동차 기술로 수소 에너지를 주목하고 있는 가운데, 지난달 미국 뉴욕 타임스스퀘어에서 BTS가 출연한 수소 캠페인 영상이 공개되기도 했다.기아자동차(000270)는 아이돌 걸그룹인 블랙핑크를 글로벌 홍보대사로 위촉했다. 블랙핑크 선정 배경에는 기아차가 젊고 역동적인 이미지를 강조함과 동시에 스타일리시하면서도 당당한 모습을 강조하고 싶기 때문인 것으로 보인다.기아차는 블랙핑크를 앞세워 밀레니얼 세대 및 Z세대 소비자와 교류를 강화하겠다는 전략이다. 기아차는 소형 SUV의 대명사로 자리잡은 셀토스 출시에 맞춰 블랙핑크와 콜라보 영상을 제작하는 등 긴밀한 협업을 이어오고 있다.중고차 업계에서도 대형 모델 발탁을 위한 움직임이 일고 있다. 국내 최대 직영 중고차 K Car(케이카)는 이달 초 전속 모델로 배우 정우성씨를 선정했다. 케이카는 소비자에게 중고차 시장의 리딩 브랜드로서 브랜드 이미지를 높이기 위해 신뢰감 있는 배우 정씨를 택했다.케이카 관계자는 “오랜 기간 톱 배우로서 존재감을 과시하며 대중들에게 사랑 받는 배우로 자리매김해 온 정우성의 이미지가 20년간 중고차 시장에서 탄탄한 신뢰를 쌓아온 케이카 브랜드와 부합한다”며 모델 발탁 이유를 전했다.이밖에도 수입차인 캐딜락 공식 딜러 동행모터스는 격투기스타 ‘스턴건’ 김동현 선수를 홍보대사로 위촉해 남성미 부각에 힘쓰고 있다. 김 선수는 홍보대사 활동 기간 중 초대형 SUV 에스컬레이드 차량을 이용하게 된다.지난 2월 21일(현지 시간) 미국 뉴욕 타임스스퀘어의 매리엇마퀴스 호텔 옥외 전광판에 소개된 현대자동차와 방탄소년단(BTS)의 수소 캠페인 영상. (사진=현대자동차 제공)송승현 (dindibug@edaily.co.kr)벤츠 시승하고 차량용 무선충전기 받기▶네이버에서 ‘이데일리’ 구독하기▶ | 청춘뉘우스~ 스냅타임▶＜ⓒ종합 경제정보 미디어 이데일리 - 무단전재 & 재배포 금지＞
	
	"
"2020.03.14","https://news.naver.com/main/read.nhn?mode=LSD&mid=sec&sid1=101&oid=003&aid=0009756500","현대자동차","재계, 코로나 극복 '기부 릴레이'...성금만 1000억 넘게 모여","
	
	



() {}
재해구호협회·사회복지공동모금회 성금 1300억 넘어개인·단체, 십시일반도 많지만 대부분은 법인 기부금【서울=뉴시스】이재용(왼쪽부터) 삼성전자 부회장, 정의선 현대자동차 부회장, 최태원 SK그룹 회장, 구광모 LG그룹 회장, 신동빈 롯데그룹 회장.[서울=뉴시스] 김종민 기자 = 신종 코로나바이러스(코로나19) 확산세가 인해 어려움을 겪고 있는 가운데, 위기극복을 돕기 위한 기업들의 지원 행렬이 이어지고 있다. 특히 5대 그룹 등 재계는 코라나19 사태 초기부터 거액의 성금을 기부하고, 자사 시설들을 치료센터로 제공하는 등 전사 자원을 총동원하고 있다. 14일 코로나19 기부금을 모금하는 법정구호단체 전국재해구호협회(희망브리지)에 따르면 지금까지 849억원(12일15시 기준)이 모금됐고, 사회복지공동모금회(사랑의 열매)로는 512억원(10일 기준)의 성금이 모였다. 이들 대표적 두 단체에만 1350억원 이상의 사랑의 손길이 각계에서 전해졌다. 이 가운데 기업들이 쾌척한 성금만 1000억원이 넘을 것으로 추산된다. 개인 기부자들의 십시일반도 많았지만 성금의 대부분은 기업들의 법인 기부금이기 때문이다. 특히 삼성은 코로나19 피해극복을 위해 성금과 의료용품 등 300억원을 긴급 지원하도록 하면서 다른 기업들의 동참을 이끌었다는 평가다.삼성은 지난달 26일 코로나19 사태를 극복을 위해 의료용품과 생필품 등을 포함해 총 300억원을 긴급 지원하며 코로나 위기 극복에 앞장서고 있다. 삼성은 ▲손소독제와 소독티슈 등 의료용품 ▲자가 격리자와 취약계층을 위한 생필품 키트 ▲의료진을 위한 면역력 강화 건강식품세트 등의 구호물품과 구호성금을 전국재해구호협회에 기증했다. 재계 1위 삼성이 코로나19 확산 방지에 적극 나서면서 다른 기업들의 지원 동참도 이어졌다. 이재용 삼성전자 부회장은 “국민의 성원으로 성장한 삼성은 지금과 같은 때 마땅히 우리 사회와 같이 나누고 함께해야 한다”며 “이번 일로 고통 받거나 위기 극복에 헌신하는 이들을 위해 모든 노력을 다할 것”이라고 밝혔다. 삼성이 코로나19 확산 방지에 적극 나서는 데엔 이재용 부회장은 이처럼 지난해부터 강조해온 '사회와 동행하고, 공헌해야 한다'는 경영철학이 배경이 되고 있다. 이 부회장은 지난 3일 코로나19로 위기를 겪고있는 경북 구미 삼성전자 구미사업장을 방문해 임직원을 격려하기도 했다. 삼성은 코로나19로 위축된 국내경기 활성화를 위해 300억원 규모의 온누리상품권을 구입해 협력사에 지급했으며, 화훼 농가의 어려움을 덜어주기 위한 '꽃 소비 늘리기'에도 동참하고 있다. 이에 더해 코로나19로 어려움을 겪고 있는 협력사들이 안정적으로 경영을 이어갈 수 있도록 1조원 규모의 펀드를 조성해 운영자금을 지원하고 있으며, 물품 대금 1조6000억원을 조기에 지급하는 등 총 2조6000억원 규모의 긴급 자금을 지원했다. 삼성은 코로나19 생활치료센터로 제공한 영덕연수원에 삼성의료원 의료진을 파견하는 등 전사적 자원을 총동원하는 중이다.현대자동차 그룹은 50억원의 성금을 전국재해구호협회에 기탁했다. 또 정의선 수석부회장은 그룹사와 협력업체 임직원의 역량 강화를 위해 개설한 미사용 신축 교육센터 2곳을 치료센터로 내놓았다. 정 수석부회장은 임직원과 협력사에 직접 작성한 편지를 보내 이들을 위로하기도 했다.또 현대차 노사는 대한적십자사를 통해 취약계층에게 마스크 4만 개를 전달하기로 했으며, 코로나 사태로 부족해진 혈액 모으기 운동에 임직원 800여 명이 릴레이식으로 참여했다. SK는 코로나19의 확산 방지와 피해 지원을 위해 50억원과 4억원 상당의 현물을 지원했다. SK그룹은 사회복지공동모금회와 함께 코로나19 피해로 특별관리구역으로 지정된 대구·경북 지역 보육원과 양로원 등 취약 계층과 자가 격리자들을 위한 생필품을 제공할 예정이다. 또 대구·경북 지역 의료지원 봉사자와 방역 인력 등을 위해 방호복 등 의료물품도 지원한다. 이와 함께 경북 구미에 위치한 SK실트론은 대구·경북 지역을 위해 마스크 10만장과 손 세정제 2만5000개 등 4억원 상당의 현물을 지원하기로 했다.SK 관계자는 “코로나19가 추가로 확산되는 것을 최대한 막고 피해가 최소화될 수 있도록 SK그룹의 모든 역량을 다해 지속적인 지원활동을 벌여나가겠다”고 말했다.LG는 지난달 26일 코로나19 확산 방지와 피해 지원금 50억원을 사회복지공동모금회에 기탁했으며, 확진자 지원, 지역사회 감염 확산 예방을 위한 방역 물품도 지원했다. LG그룹도 피해가 집중된 대구·경북 지역의 병상 부족 사태 해결을 위해 경북 지역에 위치한 기숙사와 연수원 등을 치료센터로 했다. LG전자는 코로나19 영향으로 해외에 있는 협력사가 국내로 돌아오거나 국내 생산을 확대할 경우 생산성 향상을 위해 컨설팅, 무이자 자금 등을 지원하고 구매 물량을 보장키로 한 바 있다. 또 자금 운영에 어려움을 겪는 협력사가 안정적으로 운영될 수 있도록 협력사 대상 무이자 대출 규모를 당초 400억원에서 550억원으로 확대했다.구광모 회장은 임산부 직원을 필요 기간 동안 재택에서 근무하도록하고 유치원·어린이집 휴원, 개학 연기 등으로 유치원생 및 초등학생 자녀 육아가 필요한 직원들도 재택 근무토록 하는 등 세심한 조치를 취했다.롯데그룹은 지난달 27일 일찌감치 코로나19 확산 방지를 위해 총 10억원 규모의 지원에 나섰다. 신동빈 롯데그룹 회장이 코로나19 감염 예방, 피해 확산 방지 및 위기 극복을 주문하면서 계열사들의 동참도 이어졌다. 롯데 유통계열사들은 위생용품, 즉석식품 등 생필품으로 구성된 키트를 제작, 전국재해구호협회를 통해 대구시에 제공한다. 롯데케미칼 등 화학 계열사들은 손세정제 등 위생용품을 확보해 전달할 예정이다.☞공감언론 뉴시스 jmkim@newsis.com▶ K-Artprice 오픈! 미술작품 가격을 공개합니다▶ 뉴시스 빅데이터 MSI 주가시세표 바로가기 <ⓒ 공감언론 뉴시스통신사. 무단전재-재배포 금지>
	
	"
"2020.03.14","https://news.naver.com/main/read.nhn?mode=LSD&mid=sec&sid1=101&oid=015&aid=0004306252","현대자동차","[마켓인사이트]'3개국 크로스보더' 현대캐피탈, 獨 식스트리싱 인수전 막전막후","
	
	



() {}
한국·스페인·독일·유럽 관련 규정 모두 맞추는 '고난도 퍼즐'27만대짜리 차량공유회사로 변신 중인 식스트와 모빌리티 사업 협력 교두보 될 듯  ≪이 기사는 03월13일(04:57) 자본시장의 혜안 ‘마켓인사이트’에 게재된 기사입니다≫""크로스보더 딜은 원래 복잡하게 마련이지만, 이번 딜은 유난히 까다로운 점이 많았다. 프라이빗 딜 성격에 퍼블릭 딜 성격이 섞여 있고, 이해 관계자가 특히 많아서 거의 '종합선물세트' 같은 느낌이었다."" 현대캐피탈 식스트리싱 인수 딜에 관여한 한 관계자가 밝힌 소회다. 현대캐피탈이 사들이기로 한 독일 리스회사 식스트 리싱에 대한 공개매수 절차를 앞두고 시장에서 해당 딜에 대한 관심이 커지고 있다. 13일 금융권에 따르면 이 딜에 처음 관심을 가졌던 것은 현대자동차그룹이었다. 1년여 전부터 모빌리티 사업의 연장선 상에서 유럽 4위, 독일 1위의 렌터카 회사 식스트(Sixt SE)의 자회사를 인수하면 여러 시너지 효과를 기대할 수 있다는 이유로 검토를 시작했다.  1912년 독일 뮌헨 풀락에 설립된 식스트는 100년도 넘은 전통적인 회사다. 현재 회장으로 일하고 있는 에리히 식스트(74)는 1969년 아버지에게서 차량 200대를 보유한 회사를 받아 독일 최대 렌터카 회사로 키웠다. 그리고 이 회사는 에리히의 두 아들 알렉산더(39)와 콘스탄틴(36)을 중심으로 빠르게 27만대짜리 '차량공유회사'로 변신하고 있는 중이다. 식스트는 (곧 결별하긴 했지만) 2018년 BMW와 '드라이브나우'라는 카셰어링 회사를 설립하는 등 다양한 실험을 거치며 IT 회사로 성격을 바꿔가고 있다. 현대차그룹이 '모빌리티'의 측면에서 식스트와의 협력을 고려한 배경이다.  특히 식스트가 1988년 설립한 자회사 식스트리싱을 인수하기로 점찍은 것은 향후 유럽에서 현대·기아차 판매와 관련된 자동차 금융 영업을 하는 데 식스트 리싱이 도움이 될 수 있기 때문이다. 과거엔 자동차 구매고객이 있어도 현지 금융사를 연결하는 정도에 그쳤지만, 식스트 리싱을 가져오면  직접 리스 금융을 할 수 있다. 기업고객을 상대로 하는 리스 업무 등도 '공유'가 대세인 시대에는 성장 가능성이 높은 영역이다. 식스트리싱은 산하에 '식스트 모빌리티 컨설팅'을 두고 있기도 하다.  현대캐피탈을 중심으로 식스트 그룹의 최대 소유주(58% 보유)인 식스트 가문과의 접촉이 이뤄졌다. 현대차가 직접 나서기보다는 금융사 간의 인수합병(M&A)이 좋겠다는 판단이 있었던 것으로 알려졌다. 현대캐피탈은 작년 초부터 적극적으로 식스트 측과의 협상을 추진했다. 매수자문은 독일 금융사이자 크로스보더 딜 경험이 많은 도이치증권이 맡았다.  양측은 오랜 기간의 '밀당' 끝에 식스트 리싱의 경영권(41.9%)을 1억5560만유로(약 2100억원)에 넘기는 데 합의했다. 작년 식스트 리싱의 연결이익 배당금(주당 0.9유로)은 사는 쪽이 받기로 했다. 이같이 결정한 뒤에도 걸림돌은 적지 않았다. 이해 관계자가 워낙 다양했기 때문이다. 일단 인수 주체가 현대캐피탈과 산탄데르은행이 독일에 설립한 조인트벤처(JV) 현대캐피탈뱅크유럽(HCBE)이다.  한국 금융사와 스페인 금융사가 독일에 세운 합작사가 독일 금융사를 사들이다 보니 검토해야 하는 관련 법이나 규제가 독일 주(州)법, 독일 연방법, 유럽연합(EU) 관련 내용, 스페인 법, 한국 법 등을 망라하는 방대한 과정이었다. 독일 스페인 한국 3개국 금융감독 당국과의 커뮤니케이션 과정도 만만치 않은 시간이 소요됐다.  법률자문을 맡은 것은 글로벌 로펌 레이텀앤왓킨스의 독일 법인 소속 나탈리 더글라스 파트너 변호사는 이번 거래를 두고 ""인수기업과 피인수기업 모두 독일 금융감독청(BaFin)의 규제를 받는 금융사여서 사안이 대단히 까다롭고 복잡했다""고 평가하기도 했다.  대주주에게서 경영권을 사들이는 과정까지는 '크로스보더 프라이빗 딜'이었지만, '퍼블릭 딜'의 성격도 일부 있다. 모회사인 식스트와 자회사 식스트 리싱이 모두 독일 증시에 상장돼 있었기 때문이다. 최종적으로 인수에 들어가는 비용은 주당 18유로라는 가격에 얼마나 많은 소액주주들이 응하느냐에 달려 있다. 현대캐피탈 측은 일단 ""공개매수를 통해 최소 55% 이상 지분을 확보하겠다""고 밝힌 상태다.  지난달 21일(독일 현지시간 기준) 계약서 체결 직전에 언론 보도가 나오면서 양측이 긴장하기도 했다. 공개매수를 해야 하는 딜의 성격상 인수가격에 영향을 줄 가능성이 적으나마 있었기 때문이다. 첫 언론 보도가 나온 후 20유로 선까지 뛰어올랐던 주가는 이틀 후 주당 18유로 매입 사실이 알려지면서 이후 유사한 수준에서 오르내리는 상태다. 현대캐피탈 관계자는 ""공개매수 시점에 관해 언급하면 주가에 영향을 줄 수 있다""고 말을 아꼈다.  식스트 리싱은 2018년 8억600만유로의 매출을 올렸으며 상각 전 영업이익(EBITDA)는 2억4100만유로였으나 이자 및 세금 등의 비용을 제하고 난 이익은 2200만유로로 많지 않았다. 이상은 기자 selee@hankyung.com▶ 네이버에서 한국경제 뉴스를 받아보세요▶ 한경닷컴 바로가기  ▶ 모바일한경 구독신청 ⓒ 한국경제 & hankyung.com, 무단전재 및 재배포 금지
	
	"
"2020.03.14","https://news.naver.com/main/read.nhn?mode=LSD&mid=sec&sid1=102&oid=001&aid=0011471962","현대자동차","""나 현대차 계열사 임원인데""…수억 사기 친 60대 1심 실형","
	
	



() {}

	
	지명수배 내려진 신용불량자인데도 기업 임원 사칭…징역 5년 선고서울중앙지법(서울=연합뉴스) 박형빈 기자 = 자신을 대기업 계열사 임원이라고 속여 피해자로부터 5억여원대의 돈을 가로챈 남성이 법원에서 실형을 선고받았다.    14일 법조계에 따르면 서울중앙지법 형사27부(김선일 부장판사)는 특정경제범죄가중처벌등에관한법률위반(사기) 혐의로 기소된 A씨에게 징역 5년을 선고했다.    무직에 신용불량자인 A씨(60)는 지난해 6월 피해자 B씨에게 자신을 현대자동차 자율주행 연구 부문 계열사의 이사라고 속였다.    그러면서 ""회사 주식이 상장되면 내가 사장이 되고, 원금의 4~5배에 달하는 이익을 얻을 수 있다""며 B씨로부터 투자금 명목으로 9회에 걸쳐 5억3천500만원을 받아낸 혐의로 기소됐다.    이미 8천여만원 규모의 사기 피의자로 지명수배 중이던 그는 2017년 6월 교제하던 여성 C씨에게도 자신을 현대차 납품사 임원이라고 안심시킨 뒤 현금 3천500만원을 빌려 가로챈 혐의도 있다.    A씨는 이러한 사기 행각을 벌이면서 사망한 자신의 매제 이름을 도용해 거짓 차용증 등을 작성하기도 한 것으로 드러났다.    A씨는 재판에서 ""C씨로부터 3천5백만원을 빌린 것은 사실이지만, 교제하던 사이에 빌린 5천5백만원의 일부였고 이후 2천만원은 갚은 만큼 범행 의도가 없었다""고 주장했다.    그러나 법원은 A씨의 주장을 받아들이지 않았다.    재판부는 ""A씨는 돈을 갚을 의사나 능력이 없음에도 피해자 C씨를 속였고, 그로 인해 C씨가 A씨에게 3천500만원을 지급했다""고 지적했다.    이어 ""만일 A씨가 무직의 신용불량자로 도피 생활을 하고 있음을 C씨가 알았다면, 아무런 담보 없이 3천500만원이라는 적지 않은 돈을 대여하지는 않았을 것""이라고 판시했다.    재판부는 ""A씨가 피해 복구를 위해 아무 노력을 하지 않고 있을 뿐 아니라 B씨에게서 가로챈 금액의 사용처와 미사용 금액의 보관장소도 제대로 밝히지 않고 있다""며 ""수사 및 재판 과정에서 A씨가 B씨에게 합의를 강요하며 협박성 문자메시지를 발송하기도 한 점 등에 비춰보면 엄한 처벌이 불가피하다""고 지적했다.    binzz@yna.co.kr▶ 코로나19 속보 확인은 네이버 연합뉴스에서 [구독 클릭]▶ 프리미엄 북한뉴스 [한반도&] 구독(클릭)▶제보하기"
"2020.03.14","https://news.naver.com/main/read.nhn?mode=LSD&mid=sec&sid1=103&oid=417&aid=0000517734","현대자동차","'XM3 라이벌' 신형 아반떼… 가격 얼마나 오를까?","
	
	



() {}
7세대 아반떼./사진=현대자동차 [주말리뷰] 르노삼성자동차 XM3를 포함해 준중형 스포츠유틸리티차량을 견제할 현대자동차 신형 아반떼 가격에 대한 관심이 커지고 있다. 핵심 파워트레인인 1.6가솔린은 지금보다 200만원 정도 비싸질 것이라는 의견이 대세다. 14일 자동차업계에 따르면 4월 출시하는 현대차 7세대 아반떼 1.6가솔린 가격은 현재 1376~1759만원에서 200만원 상승한 1576~1959만원을 형성할 것이란 의견이 나온다. 자동차업계 관계자는 “XM3 등 세단과 가격 차이를 많이 둬야하지만 첨단기술이 들어가 가격 상승은 불가피 할 것”이라고 말했다. 아반떼는 길이 4620㎜, 너비 1800㎜, 높이 1440㎜, 휠베이스 2700㎜다. XM3는 길이 4570㎜, 너비 1820㎜, 높이 1570㎜, 휠베이스 2720㎜다. 전형적인 세단 차체의 아반떼가 50㎜ 더 길지만 휠베이스를 포함한 나머지 치수는 XM3가 더 우세하다. 실내 공간을 좌우하는 휠베이스와 전고가 높다는 의미다. 두 차의 파워트레인은 4기통 1.6ℓ 가솔린 자연흡기 엔진과 무단변속기의 공통분모를 가졌다. 성능도 비슷하다. XM3는 최고출력 123마력, 최대토크 15.8㎏·m를 발휘하며 아반떼는 최고 123마력, 최대 15.7㎏·m를 낸다. 수치로 나타나는 성능 차이는 거의 없다. 올뉴 아반떼'는 2015년 6세대 출시 이후 5년만에 진취적이고 역동적으로 변화한 7세대 모델이다. 4월 출시할 예정이다. 올뉴 아반떼의 앞모습은 정교하게 세공된 보석처럼 빛의 변화에 따라 입체적으로 반짝이는 '파라메트릭 쥬얼 패턴 그릴(Parametric Jewel)'을 적용했다. 이를 통해 헤드램프와 통합된 형태로 넓고 낮아진 비율을 강조하며 카리스마 있는 첫인상을 완성했다. 현대차는 올뉴 아반테에 대해 ▲미래를 담아낸 과감한 디자인 ▲일상을 혁신하는 최첨단 안전 편의 기술 ▲효율적이면서도 역동적인 주행 성능 등을 강조했다.전민준 기자 minjun84@mt.co.kr▶ 고수들의 재테크 비법 영상▶ 이건희칼럼  ▶ 코로나19 속보  <저작권자 ⓒ '성공을 꿈꾸는 사람들의 경제 뉴스' 머니S, 무단전재 및 재배포 금지>"
"2020.03.14","https://news.naver.com/main/read.nhn?mode=LSD&mid=sec&sid1=101&oid=003&aid=0009756550","현대자동차","국산차 중고가 0.5%↓·수입차 0.7%↓…""SUV 구입적기""","
	
	



() {}
SK엔카닷컴, 3월 주요 중고차 시세 발표[서울=뉴시스] 박주연 기자 = 3월 인기차종의 중고차 시세가 1% 미만 하락한 것으로 나타났다. 14일 자동차 거래 플랫폼 SK엔카닷컴에 따르면 국산차는 전월 대비 평균 0.52%, 수입차는 0.66% 하락했다. 이번에 공개된 중고차 시세는 현대자동차, 기아자동차, 르노삼성, 쌍용 등 국내 완성차 브랜드와 BMW, 벤츠, 아우디 등 수입차 브랜드의 2017년식 인기 차종 중고차 시세다.3월은 업계에서 중고차 시장의 성수기로 알려져 있다. SK엔카닷컴은 ""올해 3월의 경우도 수요는 높고 공급은 한정적이기 때문에 국산·수입차의 전체적인 가격 변동률은 평균 -1% 미만으로 평균적인 시세 하락폭보다 적다""고 설명했다. 국산차는 전월 대비 평균 0.52% 하락한 가운데 SUV가 세단보다 시세 하락 폭이 비교적 큰 편으로 나타났다. 기아차 스포티지가 최대가 기준 1.96% 하락해 하락폭이 가장 컸고 쏘렌토도 최대가 기준 1.07% 하락했다. 현대차 SUV 싼타페와 투싼은 최대가 기준 1.82%, 1.32% 각각 하락했다. 반면, 대형세단 제네시스 EQ900은 최대가가 0.71% 올랐다. 현대차 그랜저 IG도 최대가가 0.26% 올랐다. 르노삼성 SM6도 최소가 기준 1.31% 시세가 상승했다.수입차 시세는 평균 0.66% 하락했다. 하락폭이 가장 큰 모델은 벤츠 C클래스로 최대가 기준 3.97% 하락했다. 미니 쿠퍼D도 최대가가 3.96% 하락했다. 시세가 큰 폭으로 오른 모델도 있다. BMW 3시리즈의 시세가 최대가 기준 4.41% 올랐고 포르쉐 카이엔도 최대가 기준 4.34% 올랐다. 쉐보레 스파크 시세는 최소가와 최대가가 각각 1.52%, 4.05%로 모두 올랐다. 3월에는 생애 첫차를 구매하려는 소비자가 많아지는 시기로 1000만원 미만의 차량에 수요가 높아진 것으로 분석된다.박홍규 SK엔카닷컴 사업총괄본부장은 ""3월은 입사를 앞두고 차량을 구매하는 신입사원이나 생애 첫차를 구매하려는 소비자가 많아 시세가 좀처럼 떨어지지 않고 있다""며 ""날씨가 풀리고 나들이 철이 되면 SUV 수요가 높아지므로 국산 준중형·중형 SUV 구매를 원하는 고객은 이달 구매하면 좋다""고 말했다.☞공감언론 뉴시스 pjy@newsis.com▶ K-Artprice 오픈! 미술작품 가격을 공개합니다▶ 뉴시스 빅데이터 MSI 주가시세표 바로가기 <ⓒ 공감언론 뉴시스통신사. 무단전재-재배포 금지>
	
	"
"2020.03.14","https://news.naver.com/main/read.nhn?mode=LSD&mid=sec&sid1=101&oid=629&aid=0000018905","현대자동차","[서재근의 Biz이코노미] '마스크'에 가려진 '경제 리스크'…대기업도 '불안'","
	
	



() {}
'코로나 사태' 여파가 세계적으로 확산하면서 산업 분야를 막론하고 시장 전반에 영향을 미쳐 국내 기업들의 시름이 깊어지고 있다. /더팩트 DB'코로나 쇼크', 정부 대책 없이 산업계 '줄도산' 우려[더팩트 | 서재근 기자] 신종 코로나바이러스 감염증(코로나19) 팬데믹(세계적 대유행) 공포가 나라 경제를 집어삼키고 있다.수년째 경제계 안팎에서 단골 멘트로 등장하는 '대외 불확실성'에 대한 우려는 이미 나라 경제의 중추를 맡고 있는 대기업의 생존 자체를 위협하는 수준까지 확대됐다. 삼성, 현대자동차, SK, LG, 롯데그룹 등 대기업 시가 총액이 하루에만 수십조 원 이상 증발하면서 13일 기준 코스피 지수가 장중 한때 1800선 아래로 추락했고, 한국인과 한국발(發) 외국인 여행자의 입국을 금지한 나라 수만 120곳을 넘어서면서 항공업계는 사실상 운항 자체가 중단됐다.하늘 길이 막히면서 주요 대기업들이 추진하는 글로벌 사업에도 빨간불이 켜졌다. 어디 그뿐인가. 사상 초유의 '셧다운(가동 중단)' 사태를 겪었던 완성차 업계는 지난달 기준 생산과 내수, 수출 모두 전년 같은 기간 대비 두 자릿수 감소세를 기록했다. 아울러 백화점과 대형마트 등 유통가는 위축된 소비심리에 직격탄을 맞은 것도 모자라 계속되는 코로나19 확진자에 하루가 멀다고 점포 문을 닫아야 하는 상황에 놓였다.이미 시장에서는 경제계 전반에 불어닥친 위기가 지난 2008년 금융위기 때보다 훨씬 더 강도가 세다는 목소리가 나온다. 상황이 이럼에도 정부의 시선은 오직 '마스크'에만 쏠려 있다. 감염 확산을 방지하는 데 필수적인 위생용품 공급을 원활하게 하는 데 집중하는 것은 의심의 여지 없이 정부가 앞장서 해야 할 일이다. 문제는 그 외 실물경제를 회복하려는 움직임과 그 편차가 너무 심하다는 데 있다.저비용항공사(LCC) 업계 수장들이 무담보·장기 저리 기반의 경영안정자금 지원과 같은 정부 차원의 실질적인 지원을 촉구한 지 2주가 지났지만, 조금의 진전도 보이지 않고 있다. 지난 12일 재계 '맏형' 격인 대한상공회의소에서 ""기업 현장에서 체감할 수 있는 대책 마련이 시급하다""라며 8대 분야 30개 건의사항을 정부에 전달했지만, 정부가 경제계의 외침에 상응하는 대안을 제시할지는 미지수다.코로나19 확진자가 급증한 이후 한국인과 한국발 외국인 여행자의 입국을 금지한 나라 수만 120곳을 넘어서면서 항공업계는 사실상 운항 자체가 멈춰 섰다. 한·일 양국에 대한 입국 제한조치가 실행된 9일 오전 서울 강서구 김포국제공항 출국장 내부 모습. /남윤호 기자돌이켜보면, 정부의 자평을 제외하고 현 정부 들어 단 한 번이라도 기업 관계자들로부터 ""경영 환경이 나아졌다""는 평가를 들어본 적이 없는 것 같다. 지난 2018년 당시 미국 트럼프 정부의 25%에 달하는 관세 폭탄 가능성이 점쳐지면서 완성차 업계가 살얼음판을 걷고, 사드(THAAD·고고도 미사일 방어체계) 배치 문제로 촉발한 중국발 무역보복으로 국내 전기차 배터리 업체들이 노골적인 차별에 신음했을 때에도 정부는 뒷짐을 지고 있었다.지난해 일본 정부의 수출규제 조치로 반도체 시장에 비상등이 켜졌을 당시에도 외교적 갈등을 해소하려는 정부의 적극적인 움직임 없이 각 기업 총수들이 민간외교 전면에 나서며 살길 찾기에 분주했다.이 정권 들어 3년 가까운 동안 바람 잘 날 없는 경영환경 속에 가까스로 버텼지만, 산업계 전반에 직격탄을 날린 '코로나 사태'까지 버텨낼 힘이 대기업들에 남아 있을지 의문이다. '대통령과 총수들의 만남'이라는 상징적인 타이틀을 내민 경제 이벤트에 대한 시장의 기대도 더는 남아 있지 않다.대기업에서 채용 문을 굳게 닫고, 중견·중소기업들의 일거리가 줄어들고, 가계 소득이 줄어든 데 따른 소비 심리 위축으로 자영업자들의 생계가 위협받는 악순환이 현실화한다면 정부가 수없이 강조해온 '경제살리기' 공약은 말그대로 공염불이 될 수밖에 없다.수많은 톱니바퀴가 제 역할을 할 때 비로소 시계바늘도 돌아갈 수 있는 법이다. 더는 시간이 없다. 마스크 문제를 해소하기 위해 일선에서 구슬땀을 흘리는 보건복지부를 비롯한 관계 부처의 노고와 마찬가지로 경제 부처는 이제라도 기업과 소통에 나서 상호 유기적이고 적극적인 자세로 나라 경제를 지키는 데 주력해야 할 때다.likehyo85@tf.co.kr- 더팩트 뮤직어워즈는 언제? [알림받기▶]  - 내 아이돌 응원하기 [팬앤스타▶]  저작권자 ⓒ 특종에 강한 더팩트 & tf.co.kr 무단 전재 및 재배포 금지
	
	"
"2020.03.14","https://news.naver.com/main/read.nhn?mode=LSD&mid=sec&sid1=004&oid=417&aid=0000517732","현대자동차","'알짜' 이베이코리아, '5조' 매각설은 왜 흘러 나왔나","
	
	



() {}
이베이 미국 본사/사진=로이터 [주말리뷰] 이베이코리아 매각설이 터졌습니다. G마켓과 옥션, G9를 운영하고 있는 이베이코리아는 명실공히 이커머스업계 1위. 거래액만 16조원에 달하는 거물급인데요. 이커머스 공룡이 매물로 나왔다는 소식에 업계도 놀라는 분위기 입니다. 다만 ▲지난해 말 이베이코리아가 돌연 유한책임회사로 전환한 점 ▲미국 본사인 이베이가 사업 구조조정 중인 점 ▲2년 가까이 고배당을 해온 점 등은 업계 관계자들이 공통적으로 ‘이상한 시그널’이라고 감지하고 있던 부분이기도 합니다. ◆이베이, 알짜 ‘코리아’ 파는 속내는 관련업계에 따르면 이베이 미국 본사가 최근 이베이코리아 보유 지분 전략을 매각하기 위한 작업에 착수했다는 설이 흘러나왔는데요. 이베이는 이를 위해 글로벌 투자은행(IB)을 통해 인수 의향이 있는 기업을 모색 중인 것으로 전해졌습니다. 시장에 알려진 매각가는 약 5조원. 이베이코리아는 매각설을 일축했습니다. 사실 무근이라는 입장인데요. 업계에선 이베이코리아 매각 추진이 이베이 본사의 악화된 비즈니스 상황과 맞물린 것으로 분석합니다. 또 이베이 본사가 지난달 ICE(인터콘티넨탈거래소) 1의 인수합병 제안을 받는 등 최근 여러 이슈가 불거지면서 공식 답변에 소극적인 점을 미뤄볼 때 이베이코리아와 소통 부재가 있었을 것으로 보고 있습니다. 이베이 본사는 현재 엘리엇매니지먼트, 스타보드밸류 등 행동주의 헷지펀드의 공격을 받고 있죠. 지난해 현대자동차를 공격하면서 국내에서도 잘 알려진 엘리엇매니지먼트와 스타보드밸류 등은 이베이 지분을 4% 이상 취득한 뒤 자회사 매각과 분사, 구조조정, 이사 파견 등을 요구해왔습니다. 이 과정에서 이베이는 헤지펀드 요구를 상당 부분 받아들였죠. 지난해 스텁허브(StubHub)를 40억5000만달러에 매각했고 현재 광고사업부문도 매각 단계에 있습니다.사업적인 부분도 전망이 좋지 않은 게 현실입니다. 특히 핵심 사업인 마켓플레이스 부문이 아마존에 크게 밀려 입지가 더 흔들리고 있는데요. 기업가치도 300억 달러 정도로 쇼피파이와 같은 후발 이커머스업체들과 비교해도 적은 수준입니다. 시그널은 또 있죠. 한국 진출 후 2017년까지 배당을 하지 않던 이베이코리아는 최근 2년(2018~2019년)간 이례적으로 연속 배당을 실시한겁니다. 이때 약 3000억원이 이베이코리아에서 미국 본사로 흘러들어 갔습니다. 업계 관계자들이 구조조정의 시그널이라고 입을 모으는 부분입니다. 이베이코리아는 다음달 20돌을 맞습니다. 2001년 인수한 옥션이 3년 뒤 업계 최초 회원 200만을 넘어섰고 거래액도 1조원에 달합니다. 2009년에는 경쟁사였던 G마켓을 인터파크로부터 사들였습니다. 당시 이베이코리아의 오픈마켓 점유율은 70%. 이후 2013년 G9를 선보이면서 현 체제가 완성됐습니다. 이베이코리아의 연간 거래액은 16조원으로 국내 이커머스 거래액의 약 12% 비중을 차지합니다. 지난 10년간 국내 이커머스 1위 기업이자 유일한 흑자 기업 지위를 유지해 온 곳이기도 합니다.하지만 이베이코리아가 매물로 나왔을 땐 그닥 매력적이지 않다는 게 업계 관계자들의 공통된 지적입니다. 최근 이커머스시장이 고성장해 온 기간 동안 이베이코리아는 적극적 대처를 하지 않았고 3년간 거래액은 답보 상태이기 때문인데요. 2018년 매출액은 전년대비 3.1% 증가한 9811억원을 기록했고, 영업이익은 전년대비 22.2% 감소한 485억원을 기록했습니다. 2015년도만 해도 영업이익은 801억원에 달했습니다. ◆사업모델, 가격… 인수매력 평가 ‘분분’물론 모든 가능성은 열려 있습니다. 이베이코리아 매각설이 나오면서 기존 유통업체(롯데쇼핑, 신세계, 이마트, 현대백화점)뿐 아니라 네이버, 카카오와 같은 인터넷 기업군, 최근 전자상거래 진출을 선언한 LG와 제삼기획을 론칭하며 전자상거래 시장에 뛰어든 제일기획까지 후보군으로 거론되고 있는 상황인데요. 이 과정에서 사모펀드가 개입될 가능성도 크고 매각이 이뤄지지 않을 것이라는 가능성도 나오고 있습니다.문제는 5조원이라는 가격입니다. 5조원은 이베이코리아 연 거래액을 0.31 배로 산출한 평가금액인데 업계에선 가격 적정성 논란이 계속 나오고 있습니다. 그도 그럴 것이 현재 롯데쇼핑(백화점, 대형마트, SSM, 롭스, 이커머스) 시가총액은 약 2조7000억원. 면세 부분까지 보유한 신세계그룹의 시가총액도 5조5000억원 수준인데요. 대기업도 쉽사리 뛰어들 수 없는 몸값이라는 얘깁니다. 투자업계에선 이를 어떻게 볼까요. 조용선 SK증권 유통 연구원은 “물론 이커머스 밸류에이션 측면에서는 제시 가능한 가격”이라면서도 “‘5조 매각설’이 현실화되더라도 가격의 적정성에 대한 이견이 제기될 수 있다”고 분석했습니다. 오린아 이베스트투자증권 연구원은 앞으로 이베이코리아의 강력한 사업 모델 전략이 있어야 할 것으로 판단했습니다. 이베이코리아의 5조 매각설은 현실화 될 수 있을까요. 현실화 된다면 이커머스 업계의 시장 재편은 어떻게 이루어 질까요. 관련업계의 관심이 쏠리고 있습니다. 김설아 기자 sasa7088@mt.co.kr▶ 고수들의 재테크 비법 영상▶ 이건희칼럼  ▶ 코로나19 속보  <저작권자 ⓒ '성공을 꿈꾸는 사람들의 경제 뉴스' 머니S, 무단전재 및 재배포 금지>"
"2020.03.14","https://news.naver.com/main/read.nhn?mode=LSD&mid=sec&sid1=100&oid=469&aid=0000477216","현대자동차","기업들에 전화해 “병상 협조 좀”… 정세균 총리의 조용한 ‘대구 활약’","
	
	



() {}
오늘 19일간의 ‘대구 체류’ 마치고 서울로 정세균 국무총리가 13일 대구 서구 쪽방촌의 독거노인 가정을 방문해 생필품 및 의료물품 등을 전달하고 있다. 총리실 제공신종 코로나바이러스 감염증(코로나19)이 대구ㆍ경북 지역을 중심으로 빠르게 확산하자 “직접 진두지휘하겠다”며 대구로 향했던 정세균 국무총리가 14일 서울로 복귀했다. 지난달 25일 ‘대구 체류’를 시작한지 19일만이다. ‘대구ㆍ경북 상황이 잡힐 때까지 머무르겠다’던 정 총리가 다시 돌아온 건, ‘큰 불은 잡혔다’는 판단에 따른 것으로 보인다. 질병관리본부에 따르면 13일 0시 기준 코로나19 신규 확진자는 110명 증가하고 완치자는 177명을 기록해 코로나19 사태 이후 처음으로 ‘골든크로스’를 기록했다.서울 구로구의 콜센터 등 소규모 집단감염이 산발적으로 발생하고 있는 상황을 고려할 때, 관리 역량을 전국으로 분산해야 한다는 판단도 작용한 것으로 보인다. 나서기를 좋아하는 게 정치인의 일반적 속성이지만, 정 총리는 다르다. 그는 대구에 머무는 동안 특유의 ‘침착하고 차분한 리더십’으로 부지런히 현장을 챙겼다. 정세균 국무총리가 지난달 28일 오후 경북 경산시 하양읍 국군대구병원을 찾아 신종 코로나바이러스 감염증(코로나19) 확진자 진료를 준비하는 병원 내부를 살펴보고 있다. 대구=뉴스1◇기업에 전화 돌려 “생활치료센터 좀…”정 총리는 ‘병상 확보’ 문제 해결에 상당한 기여를 했다는 게 정부 인사들의 평가다. 대구ㆍ경북 확진자가 급속하게 늘어나 입원하지 못하고 대기하던 환자가 사망하는 경우가 속출하자 정 총리는 실무진을 거치지 않고 직접 전화를 돌려 병상 확보를 해결한 것으로 알려져 있다. 총리실 관계자는 “전화로 병상 구하는 게 정 총리 업무의 절반 이상”이라고 말하기도 했다. 국군대구병원이 대표적 사례다. 군이 보유한 국군대구병원은 지난달 23일 국가감염병전담병원으로 지정됐고, 이후 기존 98병상을 300여개로 늘리는 공사가 진행됐다. 정 총리가 실무진 지시를 상당 부분 생략하고 정경두 국방부 장관과 직접 협의해 이뤄진 것으로 알려졌다. 정 총리는 지난달 28일 정 장관과 함께 국군대구병원을 찾아 “국군병원을 활용할 수 있도록 해준 결단에 감사하다”고 말했다. 기업 관계자들과도 통화하는 일도 많았다고 한다. 기업이 소유하고 있는 콘도, 연수원, 교육원 등을 생활치료센터로 활용할 수 있도록 협조해달라고 청하기 위해서다. 정 총리가 직접 전화를 해서 도움을 청하자, 오히려 기업 관계자들이 총리실 실무진에게 전화를 걸어 ‘왜 총리가 직접 전화를 거는지’를 묻는 경우도 더러 있었던 것으로 알려졌다. 삼성인력개발원, LG디스플레이 구미기숙사, 경주 현대자동차 연수원 등이 생활치료센터로 운영되고 있다. 정세균 국무총리가 9일 오전 대구시 북구 대구시청 별관에서 열린 신종 코로나바이러스 감염증(코로나19) 극복을 위한 대구 경제인 간담회에 참석하며 마스크를 벗고 있다. 대구=뉴스1◇무감염 인증제ㆍ마스크 구매 5부제 아이디어도 정 총리는 지난달 29일 각국의 한국인 입국금지 조치로 출장이 어려워진 기업인들을 지원하기 위해 실효성 있는 대책을 강구하라고 지시했다. 세계 각국이 코로나19 확산을 우려해 한국발 여행객에게 문을 닫아 버린 상황에서, ‘해당 여행객이 코로나19 확산과 무관하다’는 것을 정부가 인증하면 조금이나마 문이 열리지 않을 것이냐는 아이디어어였다.  당시 김강립 중앙재난안전대책본부 제1총괄조정관(보건복지부 차관)이 “다소 위험성을 내포하고 있다는 의견들이 있다”고 하고, 권준욱 중앙방역대책본부 부본부장(국립보건연구원장)은 “보건학적이나 의학적으로 볼 때 감염이 없다는 것을 인증한다는 것 자체는 사실상 여러 가지 문제가 있다”고 언급하는 등 정 총리와 실무진이 ‘엇박자’를 내는 듯한 모양새가 되기도 했다. 그러나 정 총리는 뜻을 관철시켰다. 현재 정부는 정부가 발급한 건강확인서를 소지한 기업인의 방문을 예외적으로 허용하는 안을 두고 여러 국가와 협의를 진행 중이다. 9일부터 시행되고 있는 ‘마스크 구매 5부제’도 정 총리 아이디어였다. 당초 기획재정부는 ‘출생연도가 짝수면 짝수일에, 홀수면 홀수일에 구매한다’는 2부제를 도입하겠다고 정 총리에게 보고했는데, 정 총리는 “마스크 구매를 위해 줄을 서는 시간을 더 줄일 수 있을 것 같다”며 마스크 5부제를 직접 꺼내 들었다고 한다. 물론 ‘마스크 대란’이 발생하지 않도록 정부가 대책을 미리 세웠어야 한다는 비판에선 정 총리도 자유롭지 못하다. 정 총리는 8일 마스크 구매 5부제 시행에 앞서 “국민 여러분께서도 콩 한쪽도 나눈다는 심정으로 양보와 배려의 성숙한 시민의식을 발휘해 주시길 부탁 드린다”고 양해를 구했다. 강제력을 동원하지 않고 신천지로부터 전체 신도 명단 및 연락처를 받은 것도 총리실 성과로 꼽힌다. 서울에 남아있던 총리실 민정실이 신천지를 설득했고, 지난달 25일 ‘협조하겠다’는 답변을 받아냈다. 이후 신천지가 제공한 명단과 실제 교인 명단이 다르다는 의혹이 제기되고 일부 지방자치단체에서 강제력을 동원하는 일도 있었으나, 신천지의 ‘자발적인 협조’를 이끌어냈다는 점은 총리실의 공이다.  정세균 국무총리가 '마스크 구매 5부제' 시행 첫날인 9일 오전 대구의 한 약국을 찾아 약사와 이야기를 하며 판매를 앞둔 마스크를 살펴 보고 있다. 뉴스1◇부지런히 다녔지만 ‘일정을 위한 일정’ 비판도 정 총리는 대구ㆍ경북 지역에 머무르면서 상당히 많은 공개 일정을 소화했다. 가장 일정이 많았던 날은 지난달 28일. 권영진 대구시장 면담, 코로나19 중앙재난안전대책본부 회의, 대구시의회 의장 및 시의원 면담, 대구축산농협본점 하나로마트 및 일선약국 마스크 수급상황 점검 등 자그마치 8개였다.  그러나 모든 일정이 실효성 있었는가 하는 데 있어선 갸우뚱하는 시각도 많다. 가령 정 총리는 마스크 구매 5부제가 현장에서 잘 작동하는지를 확인하려는 취지에서 9일 대구의 약국을 찾았는데, 정 총리가 약국을 방문한 시각은 대구 지역에서 관련 제도가 시행되기 전이었다. 해당 약국은 또 평소에도 마스크 구매 줄이 그다지 길지 않았던 곳이었다고 한다. 이날 방문에서 약국 관계자가 마스크 소분포장 등의 어려움을 토로하자, 정 총리가 이를 바로 보완하도록 현장에서 지시하기도 했다. 정세균 국무총리가 지난달 26일 오전 대구시청에서 신종 코로나바이러스 감염증(코로나19) 대응 중대본 회의를 정부서울청사, 전국 지자체와 영상으로 연결해 하고 있다. 연합뉴스신은별 기자 ebshin@hankookilbo.com ▶네이버에서 한국일보 뉴스를 받아보세요 ▶뉴;잼을 보면 뉴스가 재밌다 [뉴스레터 구독하기] ▶한국일보닷컴 바로가기
	
	"
"2020.03.14","https://news.naver.com/main/read.nhn?mode=LSD&mid=sec&sid1=101&oid=025&aid=0002983923","현대자동차","[중앙일보COTY] '성공의 상징' 그랜저, 최고의 자리에 오른 이유는","
	
	



() {}

	
	‘대한민국 대표 세단’ 그랜저는 자동차 구매를 생각하는 이에게 관심 대상 1순위로 꼽힌다. 중·장년층에게 ‘성공의 상징’으로 여겨질 만큼 고급 차의 이미지도 착실히 쌓아왔다.       ‘2020 중앙일보 올해의 차’에 선정된 현대자동차 그랜저는 이런 현실에 안주하지 않고 ‘변화’를 택했다. 부분변경(페이스리프트) 모델이지만 신차 수준의 변화를 꾀했다. 목표는 젊은 소비자들을 끌어모으는 것. 도박 같았던 그랜저의 변화는 말 그대로 ‘대박’을 치며 흥행에 성공했다.    파라메트릭 쥬얼 패턴의 그릴과 램프, 방향지시등이 합쳐진 전면부는 그랜저만의 개성을 강하게 드러낸다. 사진 현대자동차3개월에 걸친 치열한 경쟁의 승자는 현대자동차 그랜저였다. 그랜저는 뛰어난 상품성과 다양한 편의장비, 디지털 시대에 맞는 확장성에서 높은 평가를 받아 '2020 중앙일보 올해의 차'에 선정됐다. 사진 현대자동차  사전계약 첫날에만 1만7294대의 기록적 수치를 작성했다. 2016년 11월 출시한 6세대 그랜저가 보유했던 최다 첫날 사전계약 대수(1만5973대)를 1321대 넘어선 성과다.       ‘그랜저’에서 ‘더 뉴 그랜저’로 이름 앞에 단 두 글자가 추가됐지만 실제로는 모든 것이 변경됐다. 휠베이스(축간거리)를 기존보다 40㎜, 전폭을 10㎜ 늘렸다. 부분변경 이상의 대대적인 수술을 감행한 것.  5m에 가까운 차체 길이로 현대차의 기함(플래그십) 급 모델이라는 이름이 부끄럽지 않게 했다.    ━  기존 그랜저와 전혀 다른 신차 느낌      실내외 디자인도 파격적인 변화를 택했다. 외부에 ‘파라메트릭 쥬얼’ 패턴의 라디에이터 그릴과 LED 헤드램프, 히든 라이팅 타입의 주간 주행등(DRL)이 일체형으로 적용된 전면부 디자인을 만들었다. 디자인에 대한 호불호는 갈렸지만, 기존 그랜저와 전혀 다른 신차의 느낌을 전달해 준다는 점엔 대부분 심사위원이 동의했다.                          현대차의 플래그십 답게 동급 최강을 넘어 프리미엄 브랜드에 뒤짖 않는 인테리어 디자인을 갖췄다. 사진 현대자동차                                                      실내는 계기판에 12.3인치, 인포테인먼트 시스템에 12.3인치 디스플레이를 탑재해 프리미엄 브랜드 못지않은 구성을 담았다. 광활한 다스플레이 화면은 강력한 COTY 후보 중에서 돋보이는 요소 중 하나였다. 64색 앰비언트 무드 램프, 터치식 공조 컨트롤러 등도 호평받았다.       이외에 헤드 콘솔 통합형 하이패스, 빌트인 캠, 제네시스 G90에 들어갔던 후진 가이드 램프도 갖췄다. 쏘나타에 있던 원격 시동과 원격 주차 기능도 탑재됐다.    ━  타봤더니 ""왜 현대차 대표차인지 알겠다""      단순히 기능만 많이 추가한 것이 아니다. 2차 심사 현장에서 그랜저는 유력 COTY 후보로 거론됐던 기아 K5와 비교해 차별화된 주행 감각을 여과 없이 뽐냈다. 심사위원들은 “현대차의 기함급 모델이라고 언급하는 이유를 쉽게 알 수 있었다”고 평했다.                          3개월에 걸친 치열한 경쟁의 승자는 현대자동차 그랜저였다. 그랜저는 뛰어난 상품성과 다양한 편의장비, 디지털 시대에 맞는 확장성에서 높은 평가를 받아 '2020 중앙일보 올해의 차'에 선정됐다. 사진 현대자동차                                                            승차감을 높이기 위해 뒷바퀴 서스펜션(현가장치)을 꼿꼿하게 세우고 새로운 기술과 신소재를 적용했다. 공명음이 개선된 19인치 휠을 달았고 후면 유리 두께도 늘렸다. 또 뒷좌석 차음 유리를 확대 적용해 실내 정숙성 개선에도 힘썼다.       COTY 왕좌에 오르기 위해서는 구성과 주행 감각만으로 부족하다. 최근 소비자들이 많은 관심을 보이는 ADAS(첨단 운전자 보조) 기능은 중요한 평가요소다. 그랜저에는 정차 및 재출발, 앞차 출발 알림, 과속 카메라 속도 연동, 커브길 연동, 터널 연동이 되는 어댑티브 크루즈 컨트롤 등이 적용됐다.                        2020 중앙일보 COTY에서 '올해의 차'에 뽑힌 현대차 그랜저가 실주행 테스트에 앞서 출발을 기다리고 있다. 오토뷰=김선웅 기자                                                      여기에 전방 추돌 경고 및 긴급제동, 사각·후측방 경고 및 긴급 제동, 차로 유지, 고속도로 주행 보조, 오토 하이빔 등이 탑재된다. 특히 전방 추돌 경고 및 방지 기능은 교차로에서도 작동할 수 있도록 기능이 강화됐다.    ━  소비자 니즈 간파한 혁신에 심사위원 좋은 평가      현대 더 뉴 그랜저는 ‘변화’가 얼마나 중요한지 잘 보여줬다. 안팎으로 디자인만 바꾼 것이 아니라 시장이 어떻게 변하는지 읽었고 소비자들이 원하는 것이 무엇인지 간파했다. 그리고 자신들이 잘 할 수 있는 분야의 경쟁력을 극대화했다. 심사위원들은 이 같은 변화에 아낌없는 박수를 보냈다.     COTY공동취재팀  ▶ 코로나19, 마스크로 예방 가능?▶ 내 돈 관리는 '그게머니' / 중앙일보 가기ⓒ중앙일보(https://joongang.co.kr), 무단 전재 및 재배포 금지
	
	"
"2020.03.14","https://news.naver.com/main/read.nhn?mode=LSD&mid=sec&sid1=102&oid=003&aid=0009756436","현대자동차","[총선 D-30] 울산 북구, 젊은인구 대거 유입 표심 향방은?","
	
	



() {}
이상헌 vs 박대동…물러설수 없는 여야 전·현직 맞대결노동자 vs '보수' 토박이 사이에서 '현역 프리미엄' 굳히나30~40대 신도시 유입 젊은 유권자 표심 향배 주목[울산=뉴시스] 21대 국회의원 예비후보 울산 북구 이상헌-박대동[울산=뉴시스]구미현 기자 = 4·15 총선을 한 달 앞두고 울산 최대 격전지로 북구가 급부상하고 있다. 북구는 울산 6개 선거구 중에서 가장 먼저 여야 후보간 대진표가 짜여 졌다. 다른 지역구는 여야 각당 자체 경선으로 후보 윤곽이 안 나온 대신 북구는 일찌감치 더불어민주당 이상헌 의원과 미래통합당 박대동 전 국회의원간 양강 구도를 이루며 치열한 '빅매치'에 들어갔다.현직 국회의원과 전직 국회의원의 맞대결로 치러지는 이번 21대 총선의 북구 선거는 어느 지역구보다 야당 심판론과 정권 심판론의 대격돌이 불가피하기 때문이다. 노동자의 도시라는 지역 특수성은 물론 신종 코로나바이러스19 변수까지 겹치면서 승부를 쉽게 예측할 수 없는 상황이다. 북구는 현대자동차와 협력업체를 중심으로 하는 진보 성향의 노동자층과 보수 성향이 강한 지역 토박이층으로 양분된 이분법적 선거구도를 형성하고 있다. 이 같은 이중적 특성으로  역대 총선 등에서 여당인  더불어민주당은 큰 힘을 발휘하지 못했다. 역대 총선 결과만 봐도 알 수 있다. 지난 20대 총선에서 유권자들은 무소속으로 출마한 진보성향의 후보를 택했고, 19대 총선에서는 보수인 자유한국당 후보를 선택했다.그 이전 총선(보선 2회 포함 4회)도 보수와 진보정당(통진당, 민노당)이 서로 한 번씩 당선됐다. 민주당은 2018년 지난 6월 지방선거와 함께 치러진 20대 총선 보궐선거에서 '리턴 매치'가 성사됐다. 이상헌 의원은 전국적으로 몰아친 '문재인 바람'을 타고 상대  미래통합당 박대동 후보를 물리치고 북구는 물론 울산 선거 최초로 더불어민주당 소속 국회의원 당선자가 됐다. 이 의원은 북구의 새로운 도약을 위한 재선 도전에 나섰다. 그는 ""북구에는 그동안 수많은 정치인과 행정가들이 나왔지만 무의미한 이념 논쟁 속에서 민생은 뒷전이었고, 북구의 발전은 더디기만 했다""며 ""다시 소외되느냐, 아니면 비약적인 발전의 토대를 만드느냐 하는 중차대한 기로에서 출마를 선언한다""고 밝혔다.반면 지역 6개 선거구서 유일하게 미래통합당 단수공천을 받은 박대동 전 의원은 와신상담, 재기를 노리고 있다. 박 전 국회의원은 보좌진 갑질 논란에 휩싸여 20대 총선에서 공천 배제됐지만 이후 재판에서 무죄를 선고받았다.박 전 의원은 ""과거 30여년간 경제정책 부처에서 경제정책을 직접 다룬 실무와 경험, 경륜이라는 강점을 가지고 있다""며 ""문재인 정부의 소득주도 성장론의 실패를 바로잡고 무너지는 민생경제를 살리는 구원투수의 역할을 하겠다""고 강조하며 경제 전문가임을 자처했다. 이번 총선의 북구 선거구 관전 포인트는 호계매곡지구, 송정지구 등 신도시에 유입된 젊은 인구들의 표심 향배다. 이들 신도시에는 30~40대 젊은 층이 대거 유입돼 인구 구성이 크게 젊어졌다.특히 지난 20대 총선 보궐선거 유권자에 포함되지 않은 송정지구 주민의 표심이 어디로 작용할지 주목할 필요가 있다. 송정지구에는 지난해 말까지 6188세대 2만여명이 입주했다.  젊은 유권자들 중에서도 경제 회생 필요성과 정치에 대한 불신으로 변화를 요구하고 있다는 점에서 이들 표심이 어디로 향할지 눈여겨 볼 필요가 있다. 울산지역의 정가 관계자는 ""울산 타 지역구는 보수 정당이나 특정 인물 지지세력이 굳건해 일반적 예측이 기능한데, 북구는 진보 보수가 번갈아 가며 당선된 이력과 무정당 측 젊은층이 대거 유입돼 이번 선거 결과에 진짜 지역민심이 반영될 가능성 높다""며 ""지역민심의 풍향계 역할을 북구가 할 것으로 보여 가장 주목해서 봐야할 선거구다""라고 짚었다. 진보정당 소속으론 정의당 김진영 전 시의원과 민중당 강진희 전 북구의원이 각각 출사표를 던졌다. 이들 후보 중 오는 18일까지 민주노총 단일후보가 결정될 예정이다. 이 밖에 민생당 김도현 공동북구지역위원장, 국가혁명배당금당 최형준, 무소속 박영수 북구발전연구소 대표가 이번 총선에 도전한다. 이번 북구 총선은 집권 여당의 현역 프리미엄 입지 굳히기와 보수, 진보 각 후보의 지지세 결집이 최대 승부의 관권이 될 전망이다.☞공감언론 뉴시스 gorgeouskoo@newsis.com▶ K-Artprice 오픈! 미술작품 가격을 공개합니다▶ 뉴시스 빅데이터 MSI 주가시세표 바로가기 <ⓒ 공감언론 뉴시스통신사. 무단전재-재배포 금지>
	
	"
"2020.03.14","https://news.naver.com/main/read.nhn?mode=LSD&mid=sec&sid1=101&oid=421&aid=0004521792","현대자동차","코로나에 내주 주총 방역 비상…정의선, 이사회 의장 선임여부도 관심","
	
	



() {}
삼성전자·현대차·SK하이닉스·LG화학 등 314개 기업 내주 주총현대차, 삼성전자 등 314개 개업이 내주 정기주주총회를 개최한다. 현대차는 오는 19일 주총 후 이사회를 열고 정의선 총괄수석부회장을 이사회 의장에 선임할 것으로 보인다. 정의선 현대자동차그룹 수석부회장이 지난 1월2일 서울 양재동 현대차 본사에서 열린 시무식에서 직원들과 화면을 바라보고 있다. 2020.1.2/뉴스1 © News1 안은나 기자(서울=뉴스1) 류정민 기자 = 삼성전자, 현대자동차, SK하이닉스, LG화학 등 주요 대기업들의 정기주주총회가 다음 주(16~20일) 잇따라 열린다. 이번 정기주주총회에서는 상장사 사외이사의 임기를 6년으로 제한하는 상법 시행령 개정안에 따라 사외이사들이 상당수 교체될 전망이다. 신종 코로나바이러스 감염증(코로나19)의 영향으로 각 기업이 방역에 각별히 신경 쓰는 것도 특징이다. 현대차 주총은 정몽구 회장의 뒤를 이어 정의선 총괄수석부회장이 총수 바통을 이어받는 무대가 될 것으로 보인다.14일 재계와 한국예탁결제원 등에 따르면 12월 결산 상장법인 가운데 3월 셋째 주에 정기주주총회를 여는 기업은 314곳이다.오는 18일에는 삼성전자, 삼성SDI, 삼성전기, 현대모비스 등이 정기주총을 열고 주요 안건을 의결한다.삼성전자는 11년 만에 서울을 벗어나 올해 주총을 경기도 수원컨벤션센터에서 개최한다. 삼성전자가 수원에서 주총을 여는 것은 늘어난 소액주주들의 참가를 최대한 독려하자는 취지다.  지난해 주총에는 800석 규모의 좌석을 준비했지만, 액면분할로 주주들이 대거 늘어나면서 주총장을 찾은 주주들을 모두 수용하지 못했다. 이에 따라 올해에는 2000석 규모의 좌석을 마련했지만 코로나19 확산으로 방역 대책을 고민해야 하는 상황이다. 삼성전자는 올해부터 전자투표제도 도입한 만큼 이를 통한 주주권행사도 독려할 방침이다.삼성전자의 이날 주총에서는 한종희 VD(영상디스플레이)사업부장 사장과 최윤호 경영지원실장 사장의 사내 이사 선임, 지난해 재무상태표 및 이익잉여금처분 등의 안건이 처리될 예정이다.지난해 3월20일 서울 서초구 삼성전자 서초사옥에서 열린 삼성전자 제50기 정기 주주총회에서 주주들이 총회장 입장을 위해 길게 줄지어 서 있다.  삼성전자는 올해에는 수원사업장 인근에 2000석 규모의 주총장을 마련했지만 코로나19로 방역에 비상이 걸렸다. 2019.3.20/뉴스1 © News1 유승관 기자19일 서울 서초구 현대차 사옥에서 열리는 현대자동차 정기주총은 정의선 현대차그룹 총괄수석부회장의 총수 데뷔 무대가 될 것으로 보인다.  현대차는 지난달 이사회에서 정 수석부회장의 부친인 정몽구 회장의 사내 이사 재선임 안건을 상정하지 않았다. 이로써 정 회장은 21년 만에 현대차 이사회 의장직을 내려놓고 미등기 임원이 된다.현대차는 이번 주총에서 정의선 수석부회장을 임기 3년의 사내이사로 재선임한 뒤, 곧바로 이사회를 열고 정 수석부회장을 이사회 의장직에 선임하는 수순을 밟을 것으로 보인다. 2018년 9월 수석부회장 승진 후 1년6개월 만에 현대차그룹의 지휘봉을 물려받는 셈이다.정 수석부회장은 실질적인 총수 역할을 하고 있지만, 공정거래위원회는 지난해 정몽구 회장을 총수로 발표했다. 이에 따라 이번 주총과 이사회 결과에 따라 오는 4~5월께 발표하는 공정위 발표에서는 현대차의 총수가 정의선 수석부회장으로 바뀔 가능성이 있다.20일은 SK하이닉스, LG화학, LG유플러스, 삼성바이오로직스 등 205개 사의 주총이 집중되는 '슈퍼주총데이'다.SK하이닉스는 이천 본사에서 주총을 열고 이석희 대표이사와 박정호 이사회 의장을 3년 임기의 사내이사에 재선임하는 안건을 처리할 예정이다. 사외이사에는 신창한 성균관대 전자전기공학부 교수를 재선임한다. 또 상법 시행령 개정에 따라 6년으로 한정된 사외이사 임기를 채운 최종원 서울대 행정대학원 교수를 대신해 한애라 성균관대 법학전문 대학원 교수를 새 사외이사로 신규 선임한다.같은 날 LG화학은 서울 여의도 LG트윈타워에서 주총을 열고 권영수 ㈜LG 부회장을 기타비상무이사로 선임할 예정이다.  등기 임원에 신규 선임한다. 기타비상무이사는 회사에 상근하지는 않지만, 등기임원으로서 이사회 의결권을 갖고 있다. LG화학은 주총 직후 이사회를 열고 권 부회장을 이사회 의장으로 선임하는 수순을 밟을 것으로 보인다. 권 부회장이 이번에 LG화학의 이사회 의장에까지 선임되면 LG유플러스, LG전자, LG디스플레이에 이어 LG그룹의 4개 주력 계열사 의장을 모두 맡게 된다.서울 영등포구 LG 트윈타워 2020.2.28/뉴스1 © News1 이재명 기자ryupd01@new1.kr▶ 해피펫 ▶ 터닝 포인트 2020 구매!▶ 네이버 메인에서 [뉴스1] 구독하기!© 뉴스1코리아(news1.kr), 무단 전재 및 재배포 금지
	
	"
